dataset_name,size,p,alpha,Structural Perturbation RMSE,Spectral Distance,Standard SVD RMSE
Amazon_Books_sample1_train,100k,0.05,0.0,0.6346922969134076,0.04165168,0.6019670323547773
Amazon_Books_sample2_train,100k,0.05,0.0,0.6365493988342555,0.042829994,0.6062809558834186
Amazon_Books_sample3_train,100k,0.05,0.0,0.6326126641838616,0.04478528,0.5972168184566798
Amazon_Digital_Music_sample1_train,100k,0.05,0.0,0.6611710177229364,0.07406453,0.5381350619773454
Amazon_Digital_Music_sample2_train,100k,0.05,0.0,0.6611710177229364,0.07406453,0.5381350619773454
Amazon_Digital_Music_sample3_train,100k,0.05,0.0,0.6611710177229364,0.07406453,0.5381350619773454
Amazon_Grocery_and_Gourmet_Food_sample1_train,100k,0.05,0.0,0.6514616775094564,0.061742347,0.6257177518695914
Amazon_Grocery_and_Gourmet_Food_sample2_train,100k,0.05,0.0,0.6512728522253938,0.07312461,0.6250665002819312
Amazon_Grocery_and_Gourmet_Food_sample3_train,100k,0.05,0.0,0.6497961283105441,0.06614556,0.6257740621954876
Amazon_Health_and_Personal_Care_sample1_train,100k,0.05,0.0,0.6114171046168448,0.049602766,0.44638651592513984
Amazon_Health_and_Personal_Care_sample2_train,100k,0.05,0.0,0.6114171046168448,0.049602766,0.44638651592513984
Amazon_Health_and_Personal_Care_sample3_train,100k,0.05,0.0,0.6114171046168448,0.049602766,0.44638651592513984
Amazon_Movies_and_TV_sample1_train,100k,0.05,0.0,0.6345957946905342,0.110441774,0.6050641954735423
Amazon_Movies_and_TV_sample2_train,100k,0.05,0.0,0.6351018735317361,0.11939665,0.6048968044488513
Amazon_Movies_and_TV_sample3_train,100k,0.05,0.0,0.6341332319789966,0.10707686,0.6036094406025994
BeerAdvocate_sample1_train,100k,0.05,0.0,0.4850488217373837,0.1877885,0.36425958183272034
BeerAdvocate_sample2_train,100k,0.05,0.0,0.4836094948896104,0.17747332,0.35871747047655284
BeerAdvocate_sample3_train,100k,0.05,0.0,0.4877162886591151,0.20238285,0.3600779871927578
Behance_sample1_train,100k,0.05,0.0,0.6999769264302568,0.07121519,0.6253066651921809
Behance_sample2_train,100k,0.05,0.0,0.7013494888951661,0.076171145,0.6232249274768599
Behance_sample3_train,100k,0.05,0.0,0.7002229956079692,0.07177538,0.6245794802608683
DianPing_sample1_train,100k,0.05,0.0,0.48780188918865436,0.030022793,0.46390625993885654
DianPing_sample2_train,100k,0.05,0.0,0.48726509059605433,0.031145277,0.46654929155944364
DianPing_sample3_train,100k,0.05,0.0,0.4862432878816298,0.029686218,0.4632269425786146
Food_sample1_train,100k,0.05,0.0,0.6705877068602345,0.049532663,0.5720389913890452
Food_sample2_train,100k,0.05,0.0,0.6738105973854497,0.05723996,0.5485867988536662
Food_sample3_train,100k,0.05,0.0,0.6707555644403701,0.046216737,0.5722568310265045
GoodReads_sample1_train,100k,0.05,0.0,0.5702842705397908,0.17062692,0.4246356109200144
GoodReads_sample2_train,100k,0.05,0.0,0.566719092641791,0.17957266,0.42025831023638854
GoodReads_sample3_train,100k,0.05,0.0,0.571840525411505,0.18476675,0.41315542744379696
KDD2010-algebra2006_2007_sample1_train,100k,0.05,0.0,0.7119636847712808,1.1123945,0.3262379459183777
KDD2010-algebra2006_2007_sample2_train,100k,0.05,0.0,0.7139064018333126,1.23435,0.29519711395345427
KDD2010-algebra2006_2007_sample3_train,100k,0.05,0.0,0.720994986767633,1.0994126,0.3217502081596033
ModCloth_sample1_train,100k,0.05,0.0,0.57343099846067,0.14807422,0.3557320657382526
ModCloth_sample2_train,100k,0.05,0.0,0.57343099846067,0.14807422,0.3557320657382526
ModCloth_sample3_train,100k,0.05,0.0,0.57343099846067,0.14807422,0.3557320657382526
RateBeer_sample1_train,100k,0.05,0.0,0.6948923403259998,0.38138828,0.4033670198712933
RateBeer_sample2_train,100k,0.05,0.0,0.6959390346807902,0.34757003,0.40474007727254097
RateBeer_sample3_train,100k,0.05,0.0,0.6900300217242793,0.44051805,0.4122367503077635
RentTheRunway_sample1_train,100k,0.05,0.0,0.634685819073186,0.06281946,0.5878054441299451
RentTheRunway_sample2_train,100k,0.05,0.0,0.634685819073186,0.06281946,0.5878054441299451
RentTheRunway_sample3_train,100k,0.05,0.0,0.634685819073186,0.06281946,0.5878054441299451
Twitch-100k_sample1_train,100k,0.05,0.0,0.6937228150833281,0.110560715,0.6587571344306326
Twitch-100k_sample2_train,100k,0.05,0.0,0.6928764358407061,0.11731043,0.6562923146780327
Twitch-100k_sample3_train,100k,0.05,0.0,0.6925326070458958,0.11487519,0.6564432235783563
anime_sample1_train,100k,0.05,0.0,0.5285463804078556,0.18697907,0.4206670234178376
anime_sample2_train,100k,0.05,0.0,0.536808544256783,0.19374014,0.4250053822975848
anime_sample3_train,100k,0.05,0.0,0.5331499343027436,0.19451876,0.42062788511933064
book-crossing_sample1_train,100k,0.05,0.0,0.5591706051470303,0.025588473,0.46962035844043887
book-crossing_sample2_train,100k,0.05,0.0,0.5624689484401518,0.026803399,0.4678803455772405
book-crossing_sample3_train,100k,0.05,0.0,0.55945816159938,0.026797319,0.48995991743201056
douban_sample1_train,100k,0.05,0.0,0.5408210838874545,0.5238587,0.3200710838222245
douban_sample2_train,100k,0.05,0.0,0.5388804318247757,0.5446229,0.31693787716952665
douban_sample3_train,100k,0.05,0.0,0.5432688271602875,0.529056,0.32208568233282253
epinions_sample1_train,100k,0.05,0.0,0.5946637185158404,0.03298044,0.5597345129658348
epinions_sample2_train,100k,0.05,0.0,0.5946637185158404,0.03298044,0.5597345129658348
epinions_sample3_train,100k,0.05,0.0,0.5946637185158404,0.03298044,0.5597345129658348
jester_sample1_train,100k,0.05,0.0,0.42245659177813816,0.26433134,0.2162642491953464
jester_sample2_train,100k,0.05,0.0,0.4188156069358486,0.25826156,0.22048170127833525
jester_sample3_train,100k,0.05,0.0,0.4281267490450908,0.24935459,0.2204074645642057
lastfm_sample1_train,100k,0.05,0.0,0.633392307541833,0.3131537,0.5470510222514585
lastfm_sample2_train,100k,0.05,0.0,0.633392307541833,0.3131537,0.5470510222514585
lastfm_sample3_train,100k,0.05,0.0,0.633392307541833,0.3131537,0.5470510222514585
ml-1m_sample1_train,100k,0.05,0.0,0.47311523144862005,0.24446219,0.36646447693644113
ml-1m_sample2_train,100k,0.05,0.0,0.47141725937700024,0.26134494,0.3643674930760088
ml-1m_sample3_train,100k,0.05,0.0,0.46545519559199305,0.25281575,0.3593603127761937
netflix_sample1_train,100k,0.05,0.0,0.48464413988790606,0.2933669,0.35873417896451887
netflix_sample2_train,100k,0.05,0.0,0.48230556189540774,0.2719501,0.36330942664189597
netflix_sample3_train,100k,0.05,0.0,0.48242768803039043,0.2702342,0.361052033516553
pinterest_sample1_train,100k,0.05,0.0,0.6940758611075729,0.12758277,0.6707138776864564
pinterest_sample2_train,100k,0.05,0.0,0.6939868688642664,0.13673927,0.6690116292521079
pinterest_sample3_train,100k,0.05,0.0,0.693295770540005,0.13105471,0.6698913577627971
steam_sample1_train,100k,0.05,0.0,0.705707588625998,0.37378407,0.585315344555258
steam_sample2_train,100k,0.05,0.0,0.7066723019514877,0.38039064,0.58260117479567
steam_sample3_train,100k,0.05,0.0,0.7051495944045018,0.38625312,0.5811805047927391
yahoo-music_sample1_train,100k,0.05,0.0,0.20193512888023157,0.087153755,0.15710236116615126
yahoo-music_sample2_train,100k,0.05,0.0,0.1987894563815558,0.0828856,0.15392253035767087
yahoo-music_sample3_train,100k,0.05,0.0,0.2008722460713769,0.08836127,0.15519027867393245
yelp2022_sample1_train,100k,0.05,0.0,0.580078312355785,0.04987079,0.5484776812951117
yelp2022_sample2_train,100k,0.05,0.0,0.578097959812306,0.040277835,0.5439533784138421
yelp2022_sample3_train,100k,0.05,0.0,0.5797562684230976,0.045717984,0.5464419884661832
Amazon_Books_sample1_train,100k,0.05,0.3,0.6804220331036318,0.039141145,0.6541979802261945
Amazon_Books_sample2_train,100k,0.05,0.3,0.6763773165005645,0.04413824,0.649600932726871
Amazon_Books_sample3_train,100k,0.05,0.3,0.6741237893892814,0.044071823,0.6454679283759511
Amazon_Digital_Music_sample1_train,100k,0.05,0.3,0.6888846656608347,0.053014714,0.5887201657350638
Amazon_Digital_Music_sample2_train,100k,0.05,0.3,0.6888846656608347,0.053014714,0.5887201657350638
Amazon_Digital_Music_sample3_train,100k,0.05,0.3,0.6888846656608347,0.053014714,0.5887201657350638
Amazon_Grocery_and_Gourmet_Food_sample1_train,100k,0.05,0.3,0.6936240415279974,0.053439125,0.6719633194479364
Amazon_Grocery_and_Gourmet_Food_sample2_train,100k,0.05,0.3,0.6929802412199674,0.05614392,0.6721237900034865
Amazon_Grocery_and_Gourmet_Food_sample3_train,100k,0.05,0.3,0.6963189940171214,0.049752448,0.6764619647908777
Amazon_Health_and_Personal_Care_sample1_train,100k,0.05,0.3,0.6222723454607871,0.04253901,0.4860830581386626
Amazon_Health_and_Personal_Care_sample2_train,100k,0.05,0.3,0.6222723454607871,0.04253901,0.4860830581386626
Amazon_Health_and_Personal_Care_sample3_train,100k,0.05,0.3,0.6222723454607871,0.04253901,0.4860830581386626
Amazon_Movies_and_TV_sample1_train,100k,0.05,0.3,0.6756599203969976,0.083285905,0.652609949437601
Amazon_Movies_and_TV_sample2_train,100k,0.05,0.3,0.6765595614665791,0.08679414,0.65279402799209
Amazon_Movies_and_TV_sample3_train,100k,0.05,0.3,0.676759014274822,0.078469984,0.652029540245049
BeerAdvocate_sample1_train,100k,0.05,0.3,0.49300997910987604,0.15530898,0.39330768725648674
BeerAdvocate_sample2_train,100k,0.05,0.3,0.4934784929079908,0.14973144,0.3884015764181234
BeerAdvocate_sample3_train,100k,0.05,0.3,0.4957809382644735,0.14874189,0.39228972898169784
Behance_sample1_train,100k,0.05,0.3,0.6999769264302568,0.07121519,0.6253066651921809
Behance_sample2_train,100k,0.05,0.3,0.7013494888951661,0.076171145,0.6232249274768599
Behance_sample3_train,100k,0.05,0.3,0.7002229956079692,0.07177538,0.6245794802608683
DianPing_sample1_train,100k,0.05,0.3,0.520833354233582,0.038880114,0.5028544455679604
DianPing_sample2_train,100k,0.05,0.3,0.5231632048699334,0.045937125,0.5064242531086559
DianPing_sample3_train,100k,0.05,0.3,0.5216949840946125,0.03264583,0.5022095053505483
Food_sample1_train,100k,0.05,0.3,0.6975789660706698,0.043730635,0.6159339161537905
Food_sample2_train,100k,0.05,0.3,0.6940534888810491,0.04749414,0.5921796910311361
Food_sample3_train,100k,0.05,0.3,0.6964201641841298,0.049379498,0.6154376301150292
GoodReads_sample1_train,100k,0.05,0.3,0.5631959327585859,0.2808893,0.425667912071051
GoodReads_sample2_train,100k,0.05,0.3,0.5571941253432298,0.26655534,0.4221674807640515
GoodReads_sample3_train,100k,0.05,0.3,0.5491468236595818,0.23467024,0.4082013875699817
KDD2010-algebra2006_2007_sample1_train,100k,0.05,0.3,0.7119636847712808,1.1123945,0.3262379459183777
KDD2010-algebra2006_2007_sample2_train,100k,0.05,0.3,0.7139064018333126,1.23435,0.29519711395345427
KDD2010-algebra2006_2007_sample3_train,100k,0.05,0.3,0.720994986767633,1.0994126,0.3217502081596033
ModCloth_sample1_train,100k,0.05,0.3,0.5740767498329534,0.100438975,0.38413024611328533
ModCloth_sample2_train,100k,0.05,0.3,0.5740767498329534,0.100438975,0.38413024611328533
ModCloth_sample3_train,100k,0.05,0.3,0.5740767498329534,0.100438975,0.38413024611328533
RateBeer_sample1_train,100k,0.05,0.3,0.6948923403259998,0.38138828,0.4033670198712933
RateBeer_sample2_train,100k,0.05,0.3,0.6959390346807902,0.34757003,0.40474007727254097
RateBeer_sample3_train,100k,0.05,0.3,0.6900300217242793,0.44051805,0.4122367503077635
RentTheRunway_sample1_train,100k,0.05,0.3,0.6748587589571214,0.049859405,0.6384436489449973
RentTheRunway_sample2_train,100k,0.05,0.3,0.6748587589571214,0.049859405,0.6384436489449973
RentTheRunway_sample3_train,100k,0.05,0.3,0.6748587589571214,0.049859405,0.6384436489449973
Twitch-100k_sample1_train,100k,0.05,0.3,0.6937228150833281,0.110560715,0.6587571344306326
Twitch-100k_sample2_train,100k,0.05,0.3,0.6928764358407061,0.11731043,0.6562923146780327
Twitch-100k_sample3_train,100k,0.05,0.3,0.6925326070458958,0.11487519,0.6564432235783563
anime_sample1_train,100k,0.05,0.3,0.5389319850728205,0.16418256,0.44605870803272146
anime_sample2_train,100k,0.05,0.3,0.5474540189219893,0.16605683,0.4554339730433112
anime_sample3_train,100k,0.05,0.3,0.5422321871420895,0.16378479,0.44852048638479275
book-crossing_sample1_train,100k,0.05,0.3,0.529398912428736,0.15635188,0.4475880457617081
book-crossing_sample2_train,100k,0.05,0.3,0.5300354210404145,0.14647625,0.43832978003385187
book-crossing_sample3_train,100k,0.05,0.3,0.5301112913406887,0.17759196,0.46229452725306386
douban_sample1_train,100k,0.05,0.3,0.5292599586682466,0.4673852,0.34046487396340014
douban_sample2_train,100k,0.05,0.3,0.5346700294594773,0.4599506,0.33836484683752904
douban_sample3_train,100k,0.05,0.3,0.5296483315555774,0.45057043,0.3371510402978184
epinions_sample1_train,100k,0.05,0.3,0.6321763264556327,0.029610252,0.6042100030402157
epinions_sample2_train,100k,0.05,0.3,0.6321763264556327,0.029610252,0.6042100030402157
epinions_sample3_train,100k,0.05,0.3,0.6321763264556327,0.029610252,0.6042100030402157
jester_sample1_train,100k,0.05,0.3,0.4169344005163263,0.21861513,0.23376981883898498
jester_sample2_train,100k,0.05,0.3,0.4132800688486293,0.2261361,0.2332072595902621
jester_sample3_train,100k,0.05,0.3,0.41833862124395155,0.21280539,0.23592065651743419
lastfm_sample1_train,100k,0.05,0.3,0.633392307541833,0.3131537,0.5470510222514585
lastfm_sample2_train,100k,0.05,0.3,0.633392307541833,0.3131537,0.5470510222514585
lastfm_sample3_train,100k,0.05,0.3,0.633392307541833,0.3131537,0.5470510222514585
ml-1m_sample1_train,100k,0.05,0.3,0.48577344931446936,0.22526278,0.3919710366646525
ml-1m_sample2_train,100k,0.05,0.3,0.4844029611870982,0.2188098,0.39128526363603156
ml-1m_sample3_train,100k,0.05,0.3,0.48007119023356726,0.21700668,0.39089127462750134
netflix_sample1_train,100k,0.05,0.3,0.4942427806325598,0.24793284,0.3871728606334508
netflix_sample2_train,100k,0.05,0.3,0.4980874304513449,0.24577236,0.3935003088233228
netflix_sample3_train,100k,0.05,0.3,0.4947481562396581,0.23250175,0.39132047676616805
pinterest_sample1_train,100k,0.05,0.3,0.6940758611075729,0.12758277,0.6707138776864564
pinterest_sample2_train,100k,0.05,0.3,0.6939868688642664,0.13673927,0.6690116292521079
pinterest_sample3_train,100k,0.05,0.3,0.693295770540005,0.13105471,0.6698913577627971
steam_sample1_train,100k,0.05,0.3,0.705707588625998,0.37378407,0.585315344555258
steam_sample2_train,100k,0.05,0.3,0.7066723019514877,0.38039064,0.58260117479567
steam_sample3_train,100k,0.05,0.3,0.7051495944045018,0.38625312,0.5811805047927391
yahoo-music_sample1_train,100k,0.05,0.3,0.20476905073373938,0.073782295,0.1632646815694334
yahoo-music_sample2_train,100k,0.05,0.3,0.2037002450300296,0.07313979,0.1630528579801103
yahoo-music_sample3_train,100k,0.05,0.3,0.20572110590171322,0.074164934,0.16559942583540724
yelp2022_sample1_train,100k,0.05,0.3,0.6176541368021965,0.04719584,0.5914564294954637
yelp2022_sample2_train,100k,0.05,0.3,0.6138497043701574,0.043592468,0.5840108361073982
yelp2022_sample3_train,100k,0.05,0.3,0.6146297671781494,0.05529804,0.5872255778984272
Amazon_Books_sample1_train,100k,0.05,0.7,0.7578190705671503,0.042991966,0.7433458107317142
Amazon_Books_sample2_train,100k,0.05,0.7,0.7605438787564022,0.046227396,0.745240289501884
Amazon_Books_sample3_train,100k,0.05,0.7,0.751475654546332,0.05487317,0.735419094415906
Amazon_Digital_Music_sample1_train,100k,0.05,0.7,0.7334239087892209,0.03339351,0.6554950840914181
Amazon_Digital_Music_sample2_train,100k,0.05,0.7,0.7334239087892209,0.03339351,0.6554950840914181
Amazon_Digital_Music_sample3_train,100k,0.05,0.7,0.7334239087892209,0.03339351,0.6554950840914181
Amazon_Grocery_and_Gourmet_Food_sample1_train,100k,0.05,0.7,0.7715066643143742,0.048288237,0.7566112660910317
Amazon_Grocery_and_Gourmet_Food_sample2_train,100k,0.05,0.7,0.7723296320758628,0.03509949,0.7588941335023726
Amazon_Grocery_and_Gourmet_Food_sample3_train,100k,0.05,0.7,0.7731438503761755,0.035404377,0.7593825305368841
Amazon_Health_and_Personal_Care_sample1_train,100k,0.05,0.7,0.6554673208155254,0.031465635,0.5653138507844097
Amazon_Health_and_Personal_Care_sample2_train,100k,0.05,0.7,0.6554673208155254,0.031465635,0.5653138507844097
Amazon_Health_and_Personal_Care_sample3_train,100k,0.05,0.7,0.6554673208155254,0.031465635,0.5653138507844097
Amazon_Movies_and_TV_sample1_train,100k,0.05,0.7,0.7566830680144997,0.04821093,0.7440954297122085
Amazon_Movies_and_TV_sample2_train,100k,0.05,0.7,0.7539205738047169,0.061995715,0.7383175714070757
Amazon_Movies_and_TV_sample3_train,100k,0.05,0.7,0.7535512072059146,0.06841072,0.7381910025166375
BeerAdvocate_sample1_train,100k,0.05,0.7,0.5090698721761083,0.110723116,0.44920009056903926
BeerAdvocate_sample2_train,100k,0.05,0.7,0.5071143301410906,0.10180936,0.44653005492045095
BeerAdvocate_sample3_train,100k,0.05,0.7,0.5097562036893014,0.103777416,0.4517748563243214
Behance_sample1_train,100k,0.05,0.7,0.6999769264302568,0.07121519,0.6253066651921809
Behance_sample2_train,100k,0.05,0.7,0.7013494888951661,0.076171145,0.6232249274768599
Behance_sample3_train,100k,0.05,0.7,0.7002229956079692,0.07177538,0.6245794802608683
DianPing_sample1_train,100k,0.05,0.7,0.5846013672541921,0.051392168,0.5733044457643314
DianPing_sample2_train,100k,0.05,0.7,0.5892047589348174,0.051671315,0.5790630340385161
DianPing_sample3_train,100k,0.05,0.7,0.5831164729093347,0.042788338,0.5711339780389021
Food_sample1_train,100k,0.05,0.7,0.7469571182768209,0.042856067,0.6996302096354872
Food_sample2_train,100k,0.05,0.7,0.7312198010951003,0.0471317,0.6745127188772276
Food_sample3_train,100k,0.05,0.7,0.7461005194544859,0.050878093,0.6998867242585978
GoodReads_sample1_train,100k,0.05,0.7,0.5396128417202589,0.41504225,0.4191298686759298
GoodReads_sample2_train,100k,0.05,0.7,0.5415599967412464,0.4508303,0.41674698285319073
GoodReads_sample3_train,100k,0.05,0.7,0.533061275560284,0.45471182,0.40056985149509106
KDD2010-algebra2006_2007_sample1_train,100k,0.05,0.7,0.7119636847712808,1.1123945,0.3262379459183777
KDD2010-algebra2006_2007_sample2_train,100k,0.05,0.7,0.7139064018333126,1.23435,0.29519711395345427
KDD2010-algebra2006_2007_sample3_train,100k,0.05,0.7,0.720994986767633,1.0994126,0.3217502081596033
ModCloth_sample1_train,100k,0.05,0.7,0.5716167677691154,0.051903605,0.44745964582547487
ModCloth_sample2_train,100k,0.05,0.7,0.5716167677691154,0.051903605,0.44745964582547487
ModCloth_sample3_train,100k,0.05,0.7,0.5716167677691154,0.051903605,0.44745964582547487
RateBeer_sample1_train,100k,0.05,0.7,0.6948923403259998,0.38138828,0.4033670198712933
RateBeer_sample2_train,100k,0.05,0.7,0.6959390346807902,0.34757003,0.40474007727254097
RateBeer_sample3_train,100k,0.05,0.7,0.6900300217242793,0.44051805,0.4122367503077635
RentTheRunway_sample1_train,100k,0.05,0.7,0.7502862576711866,0.02247546,0.7306367216276493
RentTheRunway_sample2_train,100k,0.05,0.7,0.7502862576711866,0.02247546,0.7306367216276493
RentTheRunway_sample3_train,100k,0.05,0.7,0.7502862576711866,0.02247546,0.7306367216276493
Twitch-100k_sample1_train,100k,0.05,0.7,0.6937228150833281,0.110560715,0.6587571344306326
Twitch-100k_sample2_train,100k,0.05,0.7,0.6928764358407061,0.11731043,0.6562923146780327
Twitch-100k_sample3_train,100k,0.05,0.7,0.6925326070458958,0.11487519,0.6564432235783563
anime_sample1_train,100k,0.05,0.7,0.555085287888682,0.13390048,0.4898904969741947
anime_sample2_train,100k,0.05,0.7,0.5632259260510106,0.12090399,0.4995317208390328
anime_sample3_train,100k,0.05,0.7,0.5560845341766955,0.13573514,0.4866425272912758
book-crossing_sample1_train,100k,0.05,0.7,0.4964656321415464,0.401682,0.4208516309894688
book-crossing_sample2_train,100k,0.05,0.7,0.4990812251162741,0.40443838,0.41308830239058963
book-crossing_sample3_train,100k,0.05,0.7,0.4990190361346482,0.43940806,0.43049921517630674
douban_sample1_train,100k,0.05,0.7,0.5047048052501867,0.4159651,0.37032404474556785
douban_sample2_train,100k,0.05,0.7,0.5098026586592129,0.41665253,0.37466452309767617
douban_sample3_train,100k,0.05,0.7,0.5089005829029299,0.4225495,0.3766762726322961
epinions_sample1_train,100k,0.05,0.7,0.7048094094752088,0.027255662,0.6869611039224147
epinions_sample2_train,100k,0.05,0.7,0.7048094094752088,0.027255662,0.6869611039224147
epinions_sample3_train,100k,0.05,0.7,0.7048094094752088,0.027255662,0.6869611039224147
jester_sample1_train,100k,0.05,0.7,0.406666355875352,0.14855804,0.26231567581474463
jester_sample2_train,100k,0.05,0.7,0.401523136264573,0.16232015,0.2640303786235136
jester_sample3_train,100k,0.05,0.7,0.4065855200803558,0.16905938,0.262841267742141
lastfm_sample1_train,100k,0.05,0.7,0.633392307541833,0.3131537,0.5470510222514585
lastfm_sample2_train,100k,0.05,0.7,0.633392307541833,0.3131537,0.5470510222514585
lastfm_sample3_train,100k,0.05,0.7,0.633392307541833,0.3131537,0.5470510222514585
ml-1m_sample1_train,100k,0.05,0.7,0.5043017626061871,0.16575314,0.4408848339117382
ml-1m_sample2_train,100k,0.05,0.7,0.5034021429667085,0.15947701,0.44236028663882104
ml-1m_sample3_train,100k,0.05,0.7,0.5015500651382024,0.16566356,0.43817227392547986
netflix_sample1_train,100k,0.05,0.7,0.5161218439337921,0.20138657,0.443488667894524
netflix_sample2_train,100k,0.05,0.7,0.5212231971798521,0.21622264,0.4493775539678542
netflix_sample3_train,100k,0.05,0.7,0.5174261576054756,0.20017195,0.4460544944317875
pinterest_sample1_train,100k,0.05,0.7,0.6940758611075729,0.12758277,0.6707138776864564
pinterest_sample2_train,100k,0.05,0.7,0.6939868688642664,0.13673927,0.6690116292521079
pinterest_sample3_train,100k,0.05,0.7,0.693295770540005,0.13105471,0.6698913577627971
steam_sample1_train,100k,0.05,0.7,0.705707588625998,0.37378407,0.585315344555258
steam_sample2_train,100k,0.05,0.7,0.7066723019514877,0.38039064,0.58260117479567
steam_sample3_train,100k,0.05,0.7,0.7051495944045018,0.38625312,0.5811805047927391
yahoo-music_sample1_train,100k,0.05,0.7,0.21268175843126694,0.07091984,0.17850377416934568
yahoo-music_sample2_train,100k,0.05,0.7,0.20880836800417643,0.07519168,0.17541596218435562
yahoo-music_sample3_train,100k,0.05,0.7,0.21003059385968426,0.067610525,0.1776314547887238
yelp2022_sample1_train,100k,0.05,0.7,0.6827553641604988,0.059788894,0.6649991464415143
yelp2022_sample2_train,100k,0.05,0.7,0.6784093766094316,0.06899785,0.658468705802826
yelp2022_sample3_train,100k,0.05,0.7,0.6835331158480722,0.067092195,0.6655701294382501
Amazon_Books_sample1_train,100k,0.05,1.0,0.8440075514024397,0.08570979,0.837576639530386
Amazon_Books_sample2_train,100k,0.05,1.0,0.8503515480455879,0.05925404,0.845767314200534
Amazon_Books_sample3_train,100k,0.05,1.0,0.8384432095467318,0.07299953,0.8300036701222647
Amazon_Digital_Music_sample1_train,100k,0.05,1.0,0.7996630508268635,0.022494098,0.7852289934532268
Amazon_Digital_Music_sample2_train,100k,0.05,1.0,0.7996630508268635,0.022494098,0.7852289934532268
Amazon_Digital_Music_sample3_train,100k,0.05,1.0,0.7996630508268635,0.022494098,0.7852289934532268
Amazon_Grocery_and_Gourmet_Food_sample1_train,100k,0.05,1.0,0.8572636049490949,0.06106022,0.8508881736451928
Amazon_Grocery_and_Gourmet_Food_sample2_train,100k,0.05,1.0,0.8548009772676451,0.040473726,0.848869167494716
Amazon_Grocery_and_Gourmet_Food_sample3_train,100k,0.05,1.0,0.8560841557234217,0.027678907,0.850317642686704
Amazon_Health_and_Personal_Care_sample1_train,100k,0.05,1.0,0.6617768208852074,0.028576696,0.6267394225528199
Amazon_Health_and_Personal_Care_sample2_train,100k,0.05,1.0,0.6617768208852074,0.028576696,0.6267394225528199
Amazon_Health_and_Personal_Care_sample3_train,100k,0.05,1.0,0.6617768208852074,0.028576696,0.6267394225528199
Amazon_Movies_and_TV_sample1_train,100k,0.05,1.0,0.843873923056632,0.037862163,0.8381077680405781
Amazon_Movies_and_TV_sample2_train,100k,0.05,1.0,0.8396652953266065,0.046114165,0.833451142850295
Amazon_Movies_and_TV_sample3_train,100k,0.05,1.0,0.8394845217492112,0.06289401,0.8332204920459351
BeerAdvocate_sample1_train,100k,0.05,1.0,0.5232792963369509,0.07390479,0.510601522789331
BeerAdvocate_sample2_train,100k,0.05,1.0,0.5201951763704988,0.07727364,0.5056272460259297
BeerAdvocate_sample3_train,100k,0.05,1.0,0.5272725063069682,0.057816368,0.515346516097745
Behance_sample1_train,100k,0.05,1.0,0.6999769264302568,0.07121519,0.6253066651921809
Behance_sample2_train,100k,0.05,1.0,0.7013494888951661,0.076171145,0.6232249274768599
Behance_sample3_train,100k,0.05,1.0,0.7002229956079692,0.07177538,0.6245794802608683
DianPing_sample1_train,100k,0.05,1.0,0.6553669407293827,0.06789147,0.6509789492146515
DianPing_sample2_train,100k,0.05,1.0,0.6611014605458903,0.06610562,0.6574891627888411
DianPing_sample3_train,100k,0.05,1.0,0.6563510315575961,0.04785982,0.6522761245677225
Food_sample1_train,100k,0.05,1.0,0.802702838904918,0.050074983,0.7923249495306862
Food_sample2_train,100k,0.05,1.0,0.7695685052034952,0.059843834,0.7564559063960093
Food_sample3_train,100k,0.05,1.0,0.7996568744067409,0.04929204,0.7912754825844956
GoodReads_sample1_train,100k,0.05,1.0,0.5279890035561728,0.4825782,0.41993623521648143
GoodReads_sample2_train,100k,0.05,1.0,0.5326570635737227,0.54584306,0.4185812608464749
GoodReads_sample3_train,100k,0.05,1.0,0.5191559338733732,0.57571083,0.39907420721839487
KDD2010-algebra2006_2007_sample1_train,100k,0.05,1.0,0.7119636847712808,1.1123945,0.3262379459183777
KDD2010-algebra2006_2007_sample2_train,100k,0.05,1.0,0.7139064018333126,1.23435,0.29519711395345427
KDD2010-algebra2006_2007_sample3_train,100k,0.05,1.0,0.720994986767633,1.0994126,0.3217502081596033
ModCloth_sample1_train,100k,0.05,1.0,0.5497527047619353,0.031192807,0.4972114772002157
ModCloth_sample2_train,100k,0.05,1.0,0.5497527047619353,0.031192807,0.4972114772002157
ModCloth_sample3_train,100k,0.05,1.0,0.5497527047619353,0.031192807,0.4972114772002157
RateBeer_sample1_train,100k,0.05,1.0,0.6948923403259998,0.38138828,0.4033670198712933
RateBeer_sample2_train,100k,0.05,1.0,0.6959390346807902,0.34757003,0.40474007727254097
RateBeer_sample3_train,100k,0.05,1.0,0.6900300217242793,0.44051805,0.4122367503077635
RentTheRunway_sample1_train,100k,0.05,1.0,0.8389144975612691,0.02052399,0.8358611894275372
RentTheRunway_sample2_train,100k,0.05,1.0,0.8389144975612691,0.02052399,0.8358611894275372
RentTheRunway_sample3_train,100k,0.05,1.0,0.8389144975612691,0.02052399,0.8358611894275372
Twitch-100k_sample1_train,100k,0.05,1.0,0.6937228150833281,0.110560715,0.6587571344306326
Twitch-100k_sample2_train,100k,0.05,1.0,0.6928764358407061,0.11731043,0.6562923146780327
Twitch-100k_sample3_train,100k,0.05,1.0,0.6925326070458958,0.11487519,0.6564432235783563
anime_sample1_train,100k,0.05,1.0,0.5684221082874213,0.098329686,0.5316937334450492
anime_sample2_train,100k,0.05,1.0,0.5795481212468078,0.104464926,0.542514285285899
anime_sample3_train,100k,0.05,1.0,0.572744741055001,0.106592886,0.5346137589221622
book-crossing_sample1_train,100k,0.05,1.0,0.4750264762065939,0.59949034,0.3976148743391
book-crossing_sample2_train,100k,0.05,1.0,0.48183780818304284,0.6551178,0.39404877713763836
book-crossing_sample3_train,100k,0.05,1.0,0.47570126480722524,0.60614794,0.407260502002468
douban_sample1_train,100k,0.05,1.0,0.47047186519988576,0.34548223,0.4109302334316168
douban_sample2_train,100k,0.05,1.0,0.4758496600536746,0.37307414,0.4159193345327963
douban_sample3_train,100k,0.05,1.0,0.4712999381829763,0.38181615,0.410912395074634
epinions_sample1_train,100k,0.05,1.0,0.776093762641677,0.03022785,0.769340896075365
epinions_sample2_train,100k,0.05,1.0,0.776093762641677,0.03022785,0.769340896075365
epinions_sample3_train,100k,0.05,1.0,0.776093762641677,0.03022785,0.769340896075365
jester_sample1_train,100k,0.05,1.0,0.389767163325176,0.11799818,0.29440521716488144
jester_sample2_train,100k,0.05,1.0,0.38777193196080173,0.12959783,0.298526682131989
jester_sample3_train,100k,0.05,1.0,0.3897234909818475,0.12283627,0.29868186274337716
lastfm_sample1_train,100k,0.05,1.0,0.633392307541833,0.3131537,0.5470510222514585
lastfm_sample2_train,100k,0.05,1.0,0.633392307541833,0.3131537,0.5470510222514585
lastfm_sample3_train,100k,0.05,1.0,0.633392307541833,0.3131537,0.5470510222514585
ml-1m_sample1_train,100k,0.05,1.0,0.5243273943677594,0.13712503,0.4897886338067639
ml-1m_sample2_train,100k,0.05,1.0,0.5281712330271351,0.12494973,0.49791086798220974
ml-1m_sample3_train,100k,0.05,1.0,0.524556701730014,0.12796938,0.4902603718996041
netflix_sample1_train,100k,0.05,1.0,0.5398126812982691,0.16938515,0.500805911004058
netflix_sample2_train,100k,0.05,1.0,0.5490045595975058,0.18978278,0.5073400513903715
netflix_sample3_train,100k,0.05,1.0,0.5410164385607722,0.1647575,0.5023337922523655
pinterest_sample1_train,100k,0.05,1.0,0.6940758611075729,0.12758277,0.6707138776864564
pinterest_sample2_train,100k,0.05,1.0,0.6939868688642664,0.13673927,0.6690116292521079
pinterest_sample3_train,100k,0.05,1.0,0.693295770540005,0.13105471,0.6698913577627971
steam_sample1_train,100k,0.05,1.0,0.705707588625998,0.37378407,0.585315344555258
steam_sample2_train,100k,0.05,1.0,0.7066723019514877,0.38039064,0.58260117479567
steam_sample3_train,100k,0.05,1.0,0.7051495944045018,0.38625312,0.5811805047927391
yahoo-music_sample1_train,100k,0.05,1.0,0.21840292933947383,0.08070114,0.1898756812109895
yahoo-music_sample2_train,100k,0.05,1.0,0.21454784408387714,0.079736605,0.18729509129254307
yahoo-music_sample3_train,100k,0.05,1.0,0.21743749573717297,0.071123235,0.19098700895995216
yelp2022_sample1_train,100k,0.05,1.0,0.7505003721117699,0.086722754,0.7412426952279169
yelp2022_sample2_train,100k,0.05,1.0,0.7497127776064731,0.09283636,0.7385444413687555
yelp2022_sample3_train,100k,0.05,1.0,0.75328422800051,0.09761187,0.7437473776313531
Amazon_Books_sample1_train,100k,0.1,0.0,0.6363276033433548,0.07696706,0.6032373574069545
Amazon_Books_sample2_train,100k,0.1,0.0,0.6377753744114458,0.08680355,0.6045453095581724
Amazon_Books_sample3_train,100k,0.1,0.0,0.6324826380662046,0.0743744,0.5961117357187904
Amazon_Digital_Music_sample1_train,100k,0.1,0.0,0.6751532151145888,0.16328567,0.5449133660330719
Amazon_Digital_Music_sample2_train,100k,0.1,0.0,0.6751532151145888,0.16328567,0.5449133660330719
Amazon_Digital_Music_sample3_train,100k,0.1,0.0,0.6751532151145888,0.16328567,0.5449133660330719
Amazon_Grocery_and_Gourmet_Food_sample1_train,100k,0.1,0.0,0.6509046485280817,0.1144351,0.6241676757622218
Amazon_Grocery_and_Gourmet_Food_sample2_train,100k,0.1,0.0,0.6525105971440032,0.14691447,0.6260915311644354
Amazon_Grocery_and_Gourmet_Food_sample3_train,100k,0.1,0.0,0.6501816253627164,0.12649076,0.6260051431091622
Amazon_Health_and_Personal_Care_sample1_train,100k,0.1,0.0,0.6188803280501918,0.104667835,0.4614858861400531
Amazon_Health_and_Personal_Care_sample2_train,100k,0.1,0.0,0.6188803280501918,0.104667835,0.4614858861400531
Amazon_Health_and_Personal_Care_sample3_train,100k,0.1,0.0,0.6188803280501918,0.104667835,0.4614858861400531
Amazon_Movies_and_TV_sample1_train,100k,0.1,0.0,0.6347538113328307,0.2160524,0.6056435006298407
Amazon_Movies_and_TV_sample2_train,100k,0.1,0.0,0.6328441993142873,0.22775948,0.6021638851352636
Amazon_Movies_and_TV_sample3_train,100k,0.1,0.0,0.6347344375100747,0.20911771,0.6038707634255116
BeerAdvocate_sample1_train,100k,0.1,0.0,0.4843136870054113,0.3643683,0.36414526858709023
BeerAdvocate_sample2_train,100k,0.1,0.0,0.4843047433845649,0.34834754,0.35710400448559404
BeerAdvocate_sample3_train,100k,0.1,0.0,0.48645169364271124,0.385496,0.3598314295604037
Behance_sample1_train,100k,0.1,0.0,0.7005701766543623,0.12641786,0.6259830388879609
Behance_sample2_train,100k,0.1,0.0,0.7012560100393571,0.13783842,0.6224367052925545
Behance_sample3_train,100k,0.1,0.0,0.7004593043225015,0.14214697,0.6232875007337467
DianPing_sample1_train,100k,0.1,0.0,0.48680067616539174,0.049163263,0.46283648733781674
DianPing_sample2_train,100k,0.1,0.0,0.48572987517253824,0.048811775,0.46595666851593626
DianPing_sample3_train,100k,0.1,0.0,0.4871728554693013,0.050926317,0.4644321732479586
Food_sample1_train,100k,0.1,0.0,0.6714046748277712,0.10372295,0.5706216155881485
Food_sample2_train,100k,0.1,0.0,0.6737613005999958,0.110484876,0.5500986160901422
Food_sample3_train,100k,0.1,0.0,0.671034092752676,0.0957191,0.5709158686535503
GoodReads_sample1_train,100k,0.1,0.0,0.569461424906039,0.33224607,0.4238241760472062
GoodReads_sample2_train,100k,0.1,0.0,0.5674753613214478,0.3601029,0.4204898428739869
GoodReads_sample3_train,100k,0.1,0.0,0.5701394633513214,0.3233004,0.4155310178861928
KDD2010-algebra2006_2007_sample1_train,100k,0.1,0.0,0.706535520644514,2.184073,0.32658685582664154
KDD2010-algebra2006_2007_sample2_train,100k,0.1,0.0,0.7090400838341936,2.425585,0.2955665327645121
KDD2010-algebra2006_2007_sample3_train,100k,0.1,0.0,0.7174651721950519,2.1967275,0.3170873866508133
ModCloth_sample1_train,100k,0.1,0.0,0.5743779786539664,0.29096812,0.3532793177341193
ModCloth_sample2_train,100k,0.1,0.0,0.5743779786539664,0.29096812,0.3532793177341193
ModCloth_sample3_train,100k,0.1,0.0,0.5743779786539664,0.29096812,0.3532793177341193
RateBeer_sample1_train,100k,0.1,0.0,0.6929753953066963,0.75795406,0.4057388600625387
RateBeer_sample2_train,100k,0.1,0.0,0.695176636806751,0.69340163,0.40423754308537435
RateBeer_sample3_train,100k,0.1,0.0,0.6884418735196457,0.85516906,0.415703438648972
RentTheRunway_sample1_train,100k,0.1,0.0,0.6346180383667916,0.11798677,0.5868651796997034
RentTheRunway_sample2_train,100k,0.1,0.0,0.6346180383667916,0.11798677,0.5868651796997034
RentTheRunway_sample3_train,100k,0.1,0.0,0.6346180383667916,0.11798677,0.5868651796997034
Twitch-100k_sample1_train,100k,0.1,0.0,0.6947791185991671,0.20628913,0.6587042137161915
Twitch-100k_sample2_train,100k,0.1,0.0,0.6936814657364234,0.21856444,0.6558019427324615
Twitch-100k_sample3_train,100k,0.1,0.0,0.693362902956448,0.21127617,0.656932295259788
anime_sample1_train,100k,0.1,0.0,0.5325787728676487,0.35612687,0.4213327425407725
anime_sample2_train,100k,0.1,0.0,0.5375227826525927,0.3582138,0.4273238063356281
anime_sample3_train,100k,0.1,0.0,0.5331879019307543,0.37076402,0.42181740954749075
book-crossing_sample1_train,100k,0.1,0.0,0.5586341600689183,0.046787947,0.46872332653029497
book-crossing_sample2_train,100k,0.1,0.0,0.5610997352289667,0.04792808,0.4654651726596333
book-crossing_sample3_train,100k,0.1,0.0,0.5605343421483069,0.042489808,0.4896186830014977
douban_sample1_train,100k,0.1,0.0,0.540408017537262,1.0041288,0.31921383060396585
douban_sample2_train,100k,0.1,0.0,0.5424610344816517,1.0322062,0.3184780121347281
douban_sample3_train,100k,0.1,0.0,0.5408921612621082,1.0423311,0.3205924994070157
epinions_sample1_train,100k,0.1,0.0,0.5964686422660767,0.066766895,0.559928136440421
epinions_sample2_train,100k,0.1,0.0,0.5964686422660767,0.066766895,0.559928136440421
epinions_sample3_train,100k,0.1,0.0,0.5964686422660767,0.066766895,0.559928136440421
jester_sample1_train,100k,0.1,0.0,0.4248091199041995,0.48769638,0.21979789493658627
jester_sample2_train,100k,0.1,0.0,0.42038177694918294,0.4908093,0.2193987434221466
jester_sample3_train,100k,0.1,0.0,0.42282495687020666,0.4830204,0.220245930279122
lastfm_sample1_train,100k,0.1,0.0,0.6372830864507444,0.6013575,0.5478853821186013
lastfm_sample2_train,100k,0.1,0.0,0.6372830864507444,0.6013575,0.5478853821186013
lastfm_sample3_train,100k,0.1,0.0,0.6372830864507444,0.6013575,0.5478853821186013
ml-1m_sample1_train,100k,0.1,0.0,0.4729286930620602,0.47769126,0.36616700933853913
ml-1m_sample2_train,100k,0.1,0.0,0.47074687913630736,0.4975265,0.36467351395637065
ml-1m_sample3_train,100k,0.1,0.0,0.46588900409005557,0.49339613,0.35849552702523807
netflix_sample1_train,100k,0.1,0.0,0.4829745411230732,0.55334574,0.3581559730425606
netflix_sample2_train,100k,0.1,0.0,0.48380677503427094,0.525157,0.3624434202030801
netflix_sample3_train,100k,0.1,0.0,0.4795919931541012,0.52626586,0.3600630663017534
pinterest_sample1_train,100k,0.1,0.0,0.6946524413088033,0.24046086,0.6707668982267179
pinterest_sample2_train,100k,0.1,0.0,0.6942902135692747,0.25705108,0.6694608742752391
pinterest_sample3_train,100k,0.1,0.0,0.6944773990716552,0.24285698,0.6698899314760287
steam_sample1_train,100k,0.1,0.0,0.7062104073262695,0.7655239,0.5822256822154813
steam_sample2_train,100k,0.1,0.0,0.7056679108113957,0.7721513,0.5840080817888827
steam_sample3_train,100k,0.1,0.0,0.705665704676564,0.7755379,0.581968791205631
yahoo-music_sample1_train,100k,0.1,0.0,0.20222577915263254,0.167967,0.1564799011100743
yahoo-music_sample2_train,100k,0.1,0.0,0.1986997267071301,0.157764,0.1539468409065137
yahoo-music_sample3_train,100k,0.1,0.0,0.20099446130468998,0.16574134,0.1555102887030748
yelp2022_sample1_train,100k,0.1,0.0,0.5776240791259586,0.09309595,0.545375914234033
yelp2022_sample2_train,100k,0.1,0.0,0.5776602517428354,0.06969706,0.5428193270579919
yelp2022_sample3_train,100k,0.1,0.0,0.5789030373843432,0.08404685,0.5446036938436175
Amazon_Books_sample1_train,100k,0.1,0.3,0.679464810140607,0.07608036,0.6537204902674706
Amazon_Books_sample2_train,100k,0.1,0.3,0.680971051656473,0.070020154,0.6549169325063428
Amazon_Books_sample3_train,100k,0.1,0.3,0.6770615397813158,0.073341735,0.6469783930491694
Amazon_Digital_Music_sample1_train,100k,0.1,0.3,0.7043844218563299,0.114058346,0.5963434518884436
Amazon_Digital_Music_sample2_train,100k,0.1,0.3,0.7043844218563299,0.114058346,0.5963434518884436
Amazon_Digital_Music_sample3_train,100k,0.1,0.3,0.7043844218563299,0.114058346,0.5963434518884436
Amazon_Grocery_and_Gourmet_Food_sample1_train,100k,0.1,0.3,0.6950901763205938,0.081805445,0.6728332179511846
Amazon_Grocery_and_Gourmet_Food_sample2_train,100k,0.1,0.3,0.6927783895932063,0.09320879,0.6707431859052829
Amazon_Grocery_and_Gourmet_Food_sample3_train,100k,0.1,0.3,0.6953837783287066,0.106616974,0.6742151025117247
Amazon_Health_and_Personal_Care_sample1_train,100k,0.1,0.3,0.6345177386979723,0.09970819,0.4904298458942668
Amazon_Health_and_Personal_Care_sample2_train,100k,0.1,0.3,0.6345177386979723,0.09970819,0.4904298458942668
Amazon_Health_and_Personal_Care_sample3_train,100k,0.1,0.3,0.6345177386979723,0.09970819,0.4904298458942668
Amazon_Movies_and_TV_sample1_train,100k,0.1,0.3,0.6799383259090978,0.15260269,0.656760366952899
Amazon_Movies_and_TV_sample2_train,100k,0.1,0.3,0.6767747154770155,0.16741735,0.652502867068869
Amazon_Movies_and_TV_sample3_train,100k,0.1,0.3,0.6800391644870025,0.16071372,0.6542526248935916
BeerAdvocate_sample1_train,100k,0.1,0.3,0.49508127153833265,0.30104706,0.3940452590932972
BeerAdvocate_sample2_train,100k,0.1,0.3,0.49434767223909626,0.297847,0.3886716288921505
BeerAdvocate_sample3_train,100k,0.1,0.3,0.49894230332358164,0.30795962,0.39413550450648044
Behance_sample1_train,100k,0.1,0.3,0.7005701766543623,0.12641786,0.6259830388879609
Behance_sample2_train,100k,0.1,0.3,0.7012560100393571,0.13783842,0.6224367052925545
Behance_sample3_train,100k,0.1,0.3,0.7004593043225015,0.14214697,0.6232875007337467
DianPing_sample1_train,100k,0.1,0.3,0.5209520164305136,0.057117596,0.5015834370957953
DianPing_sample2_train,100k,0.1,0.3,0.5233835648231581,0.0733186,0.5067337603585812
DianPing_sample3_train,100k,0.1,0.3,0.5215799689597113,0.068727694,0.5019645821883664
Food_sample1_train,100k,0.1,0.3,0.6981517397670448,0.09358106,0.6146018190047886
Food_sample2_train,100k,0.1,0.3,0.6947157902695205,0.08557916,0.5918841605483903
Food_sample3_train,100k,0.1,0.3,0.6987798818517197,0.08758456,0.617747333386251
GoodReads_sample1_train,100k,0.1,0.3,0.5599198133765038,0.53072447,0.42626592791060824
GoodReads_sample2_train,100k,0.1,0.3,0.557180476654096,0.58463764,0.4232557902135465
GoodReads_sample3_train,100k,0.1,0.3,0.5537705268543168,0.58553344,0.40603874341746343
KDD2010-algebra2006_2007_sample1_train,100k,0.1,0.3,0.706535520644514,2.184073,0.32658685582664154
KDD2010-algebra2006_2007_sample2_train,100k,0.1,0.3,0.7090400838341936,2.425585,0.2955665327645121
KDD2010-algebra2006_2007_sample3_train,100k,0.1,0.3,0.7174651721950519,2.1967275,0.3170873866508133
ModCloth_sample1_train,100k,0.1,0.3,0.5731113278080104,0.19883917,0.3879198062719578
ModCloth_sample2_train,100k,0.1,0.3,0.5731113278080104,0.19883917,0.3879198062719578
ModCloth_sample3_train,100k,0.1,0.3,0.5731113278080104,0.19883917,0.3879198062719578
RateBeer_sample1_train,100k,0.1,0.3,0.6929753953066963,0.75795406,0.4057388600625387
RateBeer_sample2_train,100k,0.1,0.3,0.695176636806751,0.69340163,0.40423754308537435
RateBeer_sample3_train,100k,0.1,0.3,0.6884418735196457,0.85516906,0.415703438648972
RentTheRunway_sample1_train,100k,0.1,0.3,0.6763455508038856,0.079436995,0.6382923879275207
RentTheRunway_sample2_train,100k,0.1,0.3,0.6763455508038856,0.079436995,0.6382923879275207
RentTheRunway_sample3_train,100k,0.1,0.3,0.6763455508038856,0.079436995,0.6382923879275207
Twitch-100k_sample1_train,100k,0.1,0.3,0.6947791185991671,0.20628913,0.6587042137161915
Twitch-100k_sample2_train,100k,0.1,0.3,0.6936814657364234,0.21856444,0.6558019427324615
Twitch-100k_sample3_train,100k,0.1,0.3,0.693362902956448,0.21127617,0.656932295259788
anime_sample1_train,100k,0.1,0.3,0.5414169189640607,0.3243687,0.44590569626819426
anime_sample2_train,100k,0.1,0.3,0.5480059756717868,0.31350195,0.4536002420654963
anime_sample3_train,100k,0.1,0.3,0.5454353232634094,0.3240815,0.4486402877731776
book-crossing_sample1_train,100k,0.1,0.3,0.5319463832035499,0.34770694,0.4492249877191952
book-crossing_sample2_train,100k,0.1,0.3,0.5309499327854682,0.33209077,0.4375744984813741
book-crossing_sample3_train,100k,0.1,0.3,0.531815564979161,0.40187192,0.46115940029425945
douban_sample1_train,100k,0.1,0.3,0.5311398953389145,0.8994929,0.34013963269850267
douban_sample2_train,100k,0.1,0.3,0.5327675926017305,0.932662,0.3371183613585704
douban_sample3_train,100k,0.1,0.3,0.531601253019177,0.9332617,0.34149504541342535
epinions_sample1_train,100k,0.1,0.3,0.6321815305077648,0.052516535,0.6026818223719838
epinions_sample2_train,100k,0.1,0.3,0.6321815305077648,0.052516535,0.6026818223719838
epinions_sample3_train,100k,0.1,0.3,0.6321815305077648,0.052516535,0.6026818223719838
jester_sample1_train,100k,0.1,0.3,0.41835778158972126,0.39469448,0.23201155034232182
jester_sample2_train,100k,0.1,0.3,0.41680858070261023,0.39877144,0.2359309486830092
jester_sample3_train,100k,0.1,0.3,0.42051888954005645,0.39878345,0.23638814161271893
lastfm_sample1_train,100k,0.1,0.3,0.6372830864507444,0.6013575,0.5478853821186013
lastfm_sample2_train,100k,0.1,0.3,0.6372830864507444,0.6013575,0.5478853821186013
lastfm_sample3_train,100k,0.1,0.3,0.6372830864507444,0.6013575,0.5478853821186013
ml-1m_sample1_train,100k,0.1,0.3,0.48509847202146056,0.42020917,0.3933901118912611
ml-1m_sample2_train,100k,0.1,0.3,0.48247045793774007,0.41106197,0.39108728943874865
ml-1m_sample3_train,100k,0.1,0.3,0.4795563048646763,0.42789742,0.3879480969938474
netflix_sample1_train,100k,0.1,0.3,0.4976178553987977,0.4763209,0.3902761734838867
netflix_sample2_train,100k,0.1,0.3,0.496888898798798,0.46433082,0.39451639806747557
netflix_sample3_train,100k,0.1,0.3,0.4934202155285754,0.46077287,0.3890039890434435
pinterest_sample1_train,100k,0.1,0.3,0.6946524413088033,0.24046086,0.6707668982267179
pinterest_sample2_train,100k,0.1,0.3,0.6942902135692747,0.25705108,0.6694608742752391
pinterest_sample3_train,100k,0.1,0.3,0.6944773990716552,0.24285698,0.6698899314760287
steam_sample1_train,100k,0.1,0.3,0.7062104073262695,0.7655239,0.5822256822154813
steam_sample2_train,100k,0.1,0.3,0.7056679108113957,0.7721513,0.5840080817888827
steam_sample3_train,100k,0.1,0.3,0.705665704676564,0.7755379,0.581968791205631
yahoo-music_sample1_train,100k,0.1,0.3,0.20651290197299157,0.13321203,0.16530194464969158
yahoo-music_sample2_train,100k,0.1,0.3,0.20389671251323185,0.13680623,0.16285435081743513
yahoo-music_sample3_train,100k,0.1,0.3,0.20590593904268942,0.1387592,0.16456122804616694
yelp2022_sample1_train,100k,0.1,0.3,0.6170674697785844,0.08929648,0.5899824008989639
yelp2022_sample2_train,100k,0.1,0.3,0.6166841220308128,0.08311988,0.5870052065972485
yelp2022_sample3_train,100k,0.1,0.3,0.6141017316844627,0.07573832,0.5873032688603758
Amazon_Books_sample1_train,100k,0.1,0.7,0.76075319353685,0.08737639,0.7451228475504396
Amazon_Books_sample2_train,100k,0.1,0.7,0.7617040388699841,0.085686676,0.7452057181916919
Amazon_Books_sample3_train,100k,0.1,0.7,0.7511122979687374,0.10001453,0.7339777857796127
Amazon_Digital_Music_sample1_train,100k,0.1,0.7,0.7381821635141602,0.06465485,0.6757679538386157
Amazon_Digital_Music_sample2_train,100k,0.1,0.7,0.7381821635141602,0.06465485,0.6757679538386157
Amazon_Digital_Music_sample3_train,100k,0.1,0.7,0.7381821635141602,0.06465485,0.6757679538386157
Amazon_Grocery_and_Gourmet_Food_sample1_train,100k,0.1,0.7,0.7695040743453875,0.08391851,0.7546358050275462
Amazon_Grocery_and_Gourmet_Food_sample2_train,100k,0.1,0.7,0.7697443868517807,0.05772082,0.7564814057272184
Amazon_Grocery_and_Gourmet_Food_sample3_train,100k,0.1,0.7,0.7710616665985929,0.055594116,0.7567867311539471
Amazon_Health_and_Personal_Care_sample1_train,100k,0.1,0.7,0.6507986753862506,0.061288074,0.559492065674376
Amazon_Health_and_Personal_Care_sample2_train,100k,0.1,0.7,0.6507986753862506,0.061288074,0.559492065674376
Amazon_Health_and_Personal_Care_sample3_train,100k,0.1,0.7,0.6507986753862506,0.061288074,0.559492065674376
Amazon_Movies_and_TV_sample1_train,100k,0.1,0.7,0.7558308834639765,0.10119269,0.7403227124446725
Amazon_Movies_and_TV_sample2_train,100k,0.1,0.7,0.7538325368914437,0.115009524,0.7380240447645333
Amazon_Movies_and_TV_sample3_train,100k,0.1,0.7,0.7555346720501946,0.11510078,0.7397954027354089
BeerAdvocate_sample1_train,100k,0.1,0.7,0.512775039797278,0.21951312,0.45209823196530624
BeerAdvocate_sample2_train,100k,0.1,0.7,0.5088412328783142,0.21793456,0.444065761180312
BeerAdvocate_sample3_train,100k,0.1,0.7,0.5139844176675398,0.18799739,0.45199104699083986
Behance_sample1_train,100k,0.1,0.7,0.7005701766543623,0.12641786,0.6259830388879609
Behance_sample2_train,100k,0.1,0.7,0.7012560100393571,0.13783842,0.6224367052925545
Behance_sample3_train,100k,0.1,0.7,0.7004593043225015,0.14214697,0.6232875007337467
DianPing_sample1_train,100k,0.1,0.7,0.5827137782881184,0.088005,0.5714289371782749
DianPing_sample2_train,100k,0.1,0.7,0.5885052464959627,0.10951376,0.5782602929297499
DianPing_sample3_train,100k,0.1,0.7,0.5853272982757528,0.08875082,0.5736157540291109
Food_sample1_train,100k,0.1,0.7,0.7476217756960745,0.095249794,0.6993063417592809
Food_sample2_train,100k,0.1,0.7,0.7317463217182762,0.08603569,0.6717983938010724
Food_sample3_train,100k,0.1,0.7,0.7483254271051477,0.064105146,0.7011856560473647
GoodReads_sample1_train,100k,0.1,0.7,0.5436466473177891,0.83915377,0.4234755970104735
GoodReads_sample2_train,100k,0.1,0.7,0.541955689077587,0.87803346,0.4191248140377459
GoodReads_sample3_train,100k,0.1,0.7,0.5411286258154011,0.90148956,0.40459947930830875
KDD2010-algebra2006_2007_sample1_train,100k,0.1,0.7,0.706535520644514,2.184073,0.32658685582664154
KDD2010-algebra2006_2007_sample2_train,100k,0.1,0.7,0.7090400838341936,2.425585,0.2955665327645121
KDD2010-algebra2006_2007_sample3_train,100k,0.1,0.7,0.7174651721950519,2.1967275,0.3170873866508133
ModCloth_sample1_train,100k,0.1,0.7,0.5623861061330738,0.09257519,0.44291422144845366
ModCloth_sample2_train,100k,0.1,0.7,0.5623861061330738,0.09257519,0.44291422144845366
ModCloth_sample3_train,100k,0.1,0.7,0.5623861061330738,0.09257519,0.44291422144845366
RateBeer_sample1_train,100k,0.1,0.7,0.6929753953066963,0.75795406,0.4057388600625387
RateBeer_sample2_train,100k,0.1,0.7,0.695176636806751,0.69340163,0.40423754308537435
RateBeer_sample3_train,100k,0.1,0.7,0.6884418735196457,0.85516906,0.415703438648972
RentTheRunway_sample1_train,100k,0.1,0.7,0.74999637331673,0.045993146,0.7293921938498601
RentTheRunway_sample2_train,100k,0.1,0.7,0.74999637331673,0.045993146,0.7293921938498601
RentTheRunway_sample3_train,100k,0.1,0.7,0.74999637331673,0.045993146,0.7293921938498601
Twitch-100k_sample1_train,100k,0.1,0.7,0.6947791185991671,0.20628913,0.6587042137161915
Twitch-100k_sample2_train,100k,0.1,0.7,0.6936814657364234,0.21856444,0.6558019427324615
Twitch-100k_sample3_train,100k,0.1,0.7,0.693362902956448,0.21127617,0.656932295259788
anime_sample1_train,100k,0.1,0.7,0.5585391020431141,0.24660619,0.4920068995798325
anime_sample2_train,100k,0.1,0.7,0.5672344994440501,0.23086245,0.501533384564733
anime_sample3_train,100k,0.1,0.7,0.5578732385019939,0.27210793,0.49005822801965976
book-crossing_sample1_train,100k,0.1,0.7,0.49910352837849253,0.87086725,0.4211215730463525
book-crossing_sample2_train,100k,0.1,0.7,0.5033358882201601,0.87883073,0.4167106645882462
book-crossing_sample3_train,100k,0.1,0.7,0.4954000492307767,0.8575204,0.4273822737378911
douban_sample1_train,100k,0.1,0.7,0.5068802260989681,0.7985918,0.3735956756311943
douban_sample2_train,100k,0.1,0.7,0.5087494816893893,0.81349707,0.3744960785173787
douban_sample3_train,100k,0.1,0.7,0.5083543094531054,0.8419213,0.3751682840840327
epinions_sample1_train,100k,0.1,0.7,0.700699028861365,0.038095888,0.6839021416882454
epinions_sample2_train,100k,0.1,0.7,0.700699028861365,0.038095888,0.6839021416882454
epinions_sample3_train,100k,0.1,0.7,0.700699028861365,0.038095888,0.6839021416882454
jester_sample1_train,100k,0.1,0.7,0.40651806696837617,0.28011262,0.26239282780664475
jester_sample2_train,100k,0.1,0.7,0.40332069365754036,0.30257562,0.2645127505530875
jester_sample3_train,100k,0.1,0.7,0.409668030391982,0.30506214,0.2656481203815972
lastfm_sample1_train,100k,0.1,0.7,0.6372830864507444,0.6013575,0.5478853821186013
lastfm_sample2_train,100k,0.1,0.7,0.6372830864507444,0.6013575,0.5478853821186013
lastfm_sample3_train,100k,0.1,0.7,0.6372830864507444,0.6013575,0.5478853821186013
ml-1m_sample1_train,100k,0.1,0.7,0.5047663469191374,0.3274181,0.4390335265123692
ml-1m_sample2_train,100k,0.1,0.7,0.5053796200234353,0.30174497,0.44259401749642996
ml-1m_sample3_train,100k,0.1,0.7,0.5019492517364967,0.32195044,0.4373055877629559
netflix_sample1_train,100k,0.1,0.7,0.5193776638221053,0.40903518,0.44400919358654384
netflix_sample2_train,100k,0.1,0.7,0.5214657202684796,0.42139867,0.4460561241256414
netflix_sample3_train,100k,0.1,0.7,0.5168215170585876,0.38770473,0.44198639969704456
pinterest_sample1_train,100k,0.1,0.7,0.6946524413088033,0.24046086,0.6707668982267179
pinterest_sample2_train,100k,0.1,0.7,0.6942902135692747,0.25705108,0.6694608742752391
pinterest_sample3_train,100k,0.1,0.7,0.6944773990716552,0.24285698,0.6698899314760287
steam_sample1_train,100k,0.1,0.7,0.7062104073262695,0.7655239,0.5822256822154813
steam_sample2_train,100k,0.1,0.7,0.7056679108113957,0.7721513,0.5840080817888827
steam_sample3_train,100k,0.1,0.7,0.705665704676564,0.7755379,0.581968791205631
yahoo-music_sample1_train,100k,0.1,0.7,0.2138378246495554,0.13982199,0.17781578911232473
yahoo-music_sample2_train,100k,0.1,0.7,0.211342934055288,0.14733659,0.175448320114837
yahoo-music_sample3_train,100k,0.1,0.7,0.21310741803074476,0.14049838,0.17897536363080083
yelp2022_sample1_train,100k,0.1,0.7,0.6847312278752969,0.1297514,0.6666040499193344
yelp2022_sample2_train,100k,0.1,0.7,0.6805039174991593,0.12095306,0.6599953806647559
yelp2022_sample3_train,100k,0.1,0.7,0.6825734486033012,0.1266535,0.6639747315118496
Amazon_Books_sample1_train,100k,0.1,1.0,0.8466970254011658,0.10507715,0.840330255069088
Amazon_Books_sample2_train,100k,0.1,1.0,0.8502880030857493,0.11748886,0.8447357451813025
Amazon_Books_sample3_train,100k,0.1,1.0,0.8362501712577103,0.14919378,0.8288505219119303
Amazon_Digital_Music_sample1_train,100k,0.1,1.0,0.7873258137431809,0.050783187,0.7637045945811017
Amazon_Digital_Music_sample2_train,100k,0.1,1.0,0.7873258137431809,0.050783187,0.7637045945811017
Amazon_Digital_Music_sample3_train,100k,0.1,1.0,0.7873258137431809,0.050783187,0.7637045945811017
Amazon_Grocery_and_Gourmet_Food_sample1_train,100k,0.1,1.0,0.8568850784701518,0.10347458,0.850171228378008
Amazon_Grocery_and_Gourmet_Food_sample2_train,100k,0.1,1.0,0.8504189503978044,0.057972893,0.8440667887197764
Amazon_Grocery_and_Gourmet_Food_sample3_train,100k,0.1,1.0,0.8581531458367638,0.046299946,0.853078349920619
Amazon_Health_and_Personal_Care_sample1_train,100k,0.1,1.0,0.6629408848721418,0.038055476,0.6324099421718775
Amazon_Health_and_Personal_Care_sample2_train,100k,0.1,1.0,0.6629408848721418,0.038055476,0.6324099421718775
Amazon_Health_and_Personal_Care_sample3_train,100k,0.1,1.0,0.6629408848721418,0.038055476,0.6324099421718775
Amazon_Movies_and_TV_sample1_train,100k,0.1,1.0,0.8382760988114644,0.09476105,0.831411003863057
Amazon_Movies_and_TV_sample2_train,100k,0.1,1.0,0.8386015697074071,0.086626984,0.8319817182223016
Amazon_Movies_and_TV_sample3_train,100k,0.1,1.0,0.838882413276675,0.09738151,0.8329133854631979
BeerAdvocate_sample1_train,100k,0.1,1.0,0.5262748121714739,0.14320405,0.5131780918347336
BeerAdvocate_sample2_train,100k,0.1,1.0,0.5238217186250816,0.16193394,0.5081534570348112
BeerAdvocate_sample3_train,100k,0.1,1.0,0.52893563899596,0.113776825,0.5162258203511559
Behance_sample1_train,100k,0.1,1.0,0.7005701766543623,0.12641786,0.6259830388879609
Behance_sample2_train,100k,0.1,1.0,0.7012560100393571,0.13783842,0.6224367052925545
Behance_sample3_train,100k,0.1,1.0,0.7004593043225015,0.14214697,0.6232875007337467
DianPing_sample1_train,100k,0.1,1.0,0.6562364081892861,0.12427535,0.6519666020357735
DianPing_sample2_train,100k,0.1,1.0,0.6612114521692768,0.12633234,0.6574533753177544
DianPing_sample3_train,100k,0.1,1.0,0.6574944532041541,0.101599075,0.6528860307529253
Food_sample1_train,100k,0.1,1.0,0.8025390736051955,0.09087833,0.7915417298606009
Food_sample2_train,100k,0.1,1.0,0.7702452306675466,0.09490008,0.7581654627704072
Food_sample3_train,100k,0.1,1.0,0.8023192668922982,0.08064906,0.7941260481177594
GoodReads_sample1_train,100k,0.1,1.0,0.5313182152873537,1.0739194,0.42120973900086583
GoodReads_sample2_train,100k,0.1,1.0,0.5266129428041874,1.0984303,0.41421180963269766
GoodReads_sample3_train,100k,0.1,1.0,0.5239511594556853,1.1363732,0.40281242608720663
KDD2010-algebra2006_2007_sample1_train,100k,0.1,1.0,0.706535520644514,2.184073,0.32658685582664154
KDD2010-algebra2006_2007_sample2_train,100k,0.1,1.0,0.7090400838341936,2.425585,0.2955665327645121
KDD2010-algebra2006_2007_sample3_train,100k,0.1,1.0,0.7174651721950519,2.1967275,0.3170873866508133
ModCloth_sample1_train,100k,0.1,1.0,0.5517256321390279,0.052416008,0.4964141853267514
ModCloth_sample2_train,100k,0.1,1.0,0.5517256321390279,0.052416008,0.4964141853267514
ModCloth_sample3_train,100k,0.1,1.0,0.5517256321390279,0.052416008,0.4964141853267514
RateBeer_sample1_train,100k,0.1,1.0,0.6929753953066963,0.75795406,0.4057388600625387
RateBeer_sample2_train,100k,0.1,1.0,0.695176636806751,0.69340163,0.40423754308537435
RateBeer_sample3_train,100k,0.1,1.0,0.6884418735196457,0.85516906,0.415703438648972
RentTheRunway_sample1_train,100k,0.1,1.0,0.8381570721293223,0.035069276,0.8340391436290299
RentTheRunway_sample2_train,100k,0.1,1.0,0.8381570721293223,0.035069276,0.8340391436290299
RentTheRunway_sample3_train,100k,0.1,1.0,0.8381570721293223,0.035069276,0.8340391436290299
Twitch-100k_sample1_train,100k,0.1,1.0,0.6947791185991671,0.20628913,0.6587042137161915
Twitch-100k_sample2_train,100k,0.1,1.0,0.6936814657364234,0.21856444,0.6558019427324615
Twitch-100k_sample3_train,100k,0.1,1.0,0.693362902956448,0.21127617,0.656932295259788
anime_sample1_train,100k,0.1,1.0,0.5741169707044956,0.22163677,0.5349804906810532
anime_sample2_train,100k,0.1,1.0,0.5802395880015293,0.18492128,0.5436870996268283
anime_sample3_train,100k,0.1,1.0,0.5754876842144826,0.21399479,0.5356797670561443
book-crossing_sample1_train,100k,0.1,1.0,0.4752687571477934,1.2584292,0.3993097720644143
book-crossing_sample2_train,100k,0.1,1.0,0.4750330099174511,1.2183473,0.392188886349363
book-crossing_sample3_train,100k,0.1,1.0,0.4763221541631371,1.2781698,0.40698943196250487
douban_sample1_train,100k,0.1,1.0,0.4714614783100719,0.73596287,0.4109009816188287
douban_sample2_train,100k,0.1,1.0,0.47825187722657686,0.729026,0.41491067384743885
douban_sample3_train,100k,0.1,1.0,0.47354094734804414,0.70518297,0.41147495108791077
epinions_sample1_train,100k,0.1,1.0,0.7782225097032779,0.03318649,0.7700059386182777
epinions_sample2_train,100k,0.1,1.0,0.7782225097032779,0.03318649,0.7700059386182777
epinions_sample3_train,100k,0.1,1.0,0.7782225097032779,0.03318649,0.7700059386182777
jester_sample1_train,100k,0.1,1.0,0.39190455638009486,0.23021512,0.2955733470565778
jester_sample2_train,100k,0.1,1.0,0.3875020404812297,0.22951716,0.2995497170938273
jester_sample3_train,100k,0.1,1.0,0.39068943948623236,0.23011725,0.29938884608753663
lastfm_sample1_train,100k,0.1,1.0,0.6372830864507444,0.6013575,0.5478853821186013
lastfm_sample2_train,100k,0.1,1.0,0.6372830864507444,0.6013575,0.5478853821186013
lastfm_sample3_train,100k,0.1,1.0,0.6372830864507444,0.6013575,0.5478853821186013
ml-1m_sample1_train,100k,0.1,1.0,0.5266964185996691,0.2663,0.4900925204829873
ml-1m_sample2_train,100k,0.1,1.0,0.5292425886026656,0.25240397,0.4975039760076765
ml-1m_sample3_train,100k,0.1,1.0,0.5250627057056767,0.25164697,0.48953552244424986
netflix_sample1_train,100k,0.1,1.0,0.5428244999460531,0.33544838,0.5027515284152795
netflix_sample2_train,100k,0.1,1.0,0.5492165654628902,0.35532248,0.507208234341704
netflix_sample3_train,100k,0.1,1.0,0.5425827244231237,0.32857665,0.5015443128271955
pinterest_sample1_train,100k,0.1,1.0,0.6946524413088033,0.24046086,0.6707668982267179
pinterest_sample2_train,100k,0.1,1.0,0.6942902135692747,0.25705108,0.6694608742752391
pinterest_sample3_train,100k,0.1,1.0,0.6944773990716552,0.24285698,0.6698899314760287
steam_sample1_train,100k,0.1,1.0,0.7062104073262695,0.7655239,0.5822256822154813
steam_sample2_train,100k,0.1,1.0,0.7056679108113957,0.7721513,0.5840080817888827
steam_sample3_train,100k,0.1,1.0,0.705665704676564,0.7755379,0.581968791205631
yahoo-music_sample1_train,100k,0.1,1.0,0.22079435432069536,0.16924141,0.19042323931430385
yahoo-music_sample2_train,100k,0.1,1.0,0.21531532217971913,0.16834474,0.1861447517400903
yahoo-music_sample3_train,100k,0.1,1.0,0.2176833327180466,0.14356011,0.19019217110197129
yelp2022_sample1_train,100k,0.1,1.0,0.7550447130106375,0.19263023,0.7450160402901349
yelp2022_sample2_train,100k,0.1,1.0,0.7507085033703632,0.16175114,0.7402167644017837
yelp2022_sample3_train,100k,0.1,1.0,0.7526170258292079,0.15168788,0.7435843909474231
Amazon_Books_sample1_train,100k,0.2,0.0,0.6367122121081948,0.14627932,0.6040322176005678
Amazon_Books_sample2_train,100k,0.2,0.0,0.6370923871662915,0.15238269,0.603498142485997
Amazon_Books_sample3_train,100k,0.2,0.0,0.6321817343980759,0.13811786,0.5952384849352832
Amazon_Digital_Music_sample1_train,100k,0.2,0.0,0.6720793929785378,0.2735758,0.5482397914756879
Amazon_Digital_Music_sample2_train,100k,0.2,0.0,0.6720793929785378,0.2735758,0.5482397914756879
Amazon_Digital_Music_sample3_train,100k,0.2,0.0,0.6720793929785378,0.2735758,0.5482397914756879
Amazon_Grocery_and_Gourmet_Food_sample1_train,100k,0.2,0.0,0.6511119869600339,0.23219223,0.6246789460098707
Amazon_Grocery_and_Gourmet_Food_sample2_train,100k,0.2,0.0,0.650714418768004,0.277438,0.624867588955425
Amazon_Grocery_and_Gourmet_Food_sample3_train,100k,0.2,0.0,0.6515618158955827,0.2546527,0.6259665951135925
Amazon_Health_and_Personal_Care_sample1_train,100k,0.2,0.0,0.617402188769004,0.20197618,0.45335002420355314
Amazon_Health_and_Personal_Care_sample2_train,100k,0.2,0.0,0.617402188769004,0.20197618,0.45335002420355314
Amazon_Health_and_Personal_Care_sample3_train,100k,0.2,0.0,0.617402188769004,0.20197618,0.45335002420355314
Amazon_Movies_and_TV_sample1_train,100k,0.2,0.0,0.6352017641041621,0.4263763,0.6059745274783636
Amazon_Movies_and_TV_sample2_train,100k,0.2,0.0,0.6345714172473672,0.43488204,0.6048179472927889
Amazon_Movies_and_TV_sample3_train,100k,0.2,0.0,0.6346295031401342,0.40217292,0.6046137299926005
BeerAdvocate_sample1_train,100k,0.2,0.0,0.4833867878986931,0.67508405,0.3635162919806476
BeerAdvocate_sample2_train,100k,0.2,0.0,0.483816111764888,0.67128474,0.35730301989396324
BeerAdvocate_sample3_train,100k,0.2,0.0,0.48551819519286993,0.708986,0.3610057741386781
Behance_sample1_train,100k,0.2,0.0,0.7010553693668536,0.24376981,0.6251173241416278
Behance_sample2_train,100k,0.2,0.0,0.7016754901521526,0.24012162,0.6225628196132308
Behance_sample3_train,100k,0.2,0.0,0.7010267911706457,0.228024,0.6242335718470541
DianPing_sample1_train,100k,0.2,0.0,0.4866685084091302,0.10335073,0.46267815741698276
DianPing_sample2_train,100k,0.2,0.0,0.4862423685907427,0.10144457,0.4662671740278501
DianPing_sample3_train,100k,0.2,0.0,0.48654165935333277,0.09751197,0.46345970369463796
Food_sample1_train,100k,0.2,0.0,0.6719429709614864,0.18298282,0.5693493260405108
Food_sample2_train,100k,0.2,0.0,0.6742872051142887,0.19235629,0.5479120076964684
Food_sample3_train,100k,0.2,0.0,0.6709582303728524,0.18578464,0.5709056395565355
GoodReads_sample1_train,100k,0.2,0.0,0.5712609694526624,0.69362164,0.42294165546759643
GoodReads_sample2_train,100k,0.2,0.0,0.5696611918837117,0.7326107,0.4205872264422119
GoodReads_sample3_train,100k,0.2,0.0,0.5705342971977939,0.66288185,0.41482173030829106
KDD2010-algebra2006_2007_sample1_train,100k,0.2,0.0,0.6989997014769421,4.248379,0.3265328048095732
KDD2010-algebra2006_2007_sample2_train,100k,0.2,0.0,0.6983551791566708,4.701257,0.2966349498962703
KDD2010-algebra2006_2007_sample3_train,100k,0.2,0.0,0.7106768627530636,4.245466,0.31773858281163475
ModCloth_sample1_train,100k,0.2,0.0,0.5747371147460288,0.5968535,0.35182611713807127
ModCloth_sample2_train,100k,0.2,0.0,0.5747371147460288,0.5968535,0.35182611713807127
ModCloth_sample3_train,100k,0.2,0.0,0.5747371147460288,0.5968535,0.35182611713807127
RateBeer_sample1_train,100k,0.2,0.0,0.6911656267545556,1.5198436,0.40399464464709967
RateBeer_sample2_train,100k,0.2,0.0,0.6938482385463333,1.3324553,0.403632936705483
RateBeer_sample3_train,100k,0.2,0.0,0.6847569018734484,1.6538008,0.4147687339737723
RentTheRunway_sample1_train,100k,0.2,0.0,0.6345970488804963,0.22198969,0.5869812695804746
RentTheRunway_sample2_train,100k,0.2,0.0,0.6345970488804963,0.22198969,0.5869812695804746
RentTheRunway_sample3_train,100k,0.2,0.0,0.6345970488804963,0.22198969,0.5869812695804746
Twitch-100k_sample1_train,100k,0.2,0.0,0.6960454978844405,0.363837,0.6579425219982841
Twitch-100k_sample2_train,100k,0.2,0.0,0.6954141712865316,0.36880746,0.655823233005069
Twitch-100k_sample3_train,100k,0.2,0.0,0.695122987559854,0.34707937,0.6568128515061801
anime_sample1_train,100k,0.2,0.0,0.5328599807623114,0.6657355,0.42062541552990784
anime_sample2_train,100k,0.2,0.0,0.5387120437520667,0.68877006,0.4268245195155959
anime_sample3_train,100k,0.2,0.0,0.535397860448373,0.6690754,0.4223709907769681
book-crossing_sample1_train,100k,0.2,0.0,0.5609071364526653,0.0817822,0.47082026174659436
book-crossing_sample2_train,100k,0.2,0.0,0.5619997446771386,0.07960532,0.46685691687962705
book-crossing_sample3_train,100k,0.2,0.0,0.5609448894954531,0.0755424,0.4880269491896718
douban_sample1_train,100k,0.2,0.0,0.542710991848052,2.0684097,0.32059633034331514
douban_sample2_train,100k,0.2,0.0,0.544907245848647,2.139269,0.31746450109182406
douban_sample3_train,100k,0.2,0.0,0.5457826748413557,2.1033762,0.3205272398823955
epinions_sample1_train,100k,0.2,0.0,0.5965680023157226,0.119594015,0.5606113958326792
epinions_sample2_train,100k,0.2,0.0,0.5965680023157226,0.119594015,0.5606113958326792
epinions_sample3_train,100k,0.2,0.0,0.5965680023157226,0.119594015,0.5606113958326792
jester_sample1_train,100k,0.2,0.0,0.4231451119542873,0.9762957,0.21876834459922603
jester_sample2_train,100k,0.2,0.0,0.4200455539598997,0.965648,0.2186492886071496
jester_sample3_train,100k,0.2,0.0,0.4242014129521334,0.97724134,0.22039879824150643
lastfm_sample1_train,100k,0.2,0.0,0.6417860846647769,1.0718052,0.5477112009578536
lastfm_sample2_train,100k,0.2,0.0,0.6417860846647769,1.0718052,0.5477112009578536
lastfm_sample3_train,100k,0.2,0.0,0.6417860846647769,1.0718052,0.5477112009578536
ml-1m_sample1_train,100k,0.2,0.0,0.4713832334698016,0.89951354,0.3649969457987335
ml-1m_sample2_train,100k,0.2,0.0,0.47275788879267777,0.935241,0.36591661792502944
ml-1m_sample3_train,100k,0.2,0.0,0.46720954614434884,0.91289943,0.3607251814815596
netflix_sample1_train,100k,0.2,0.0,0.4813422538114911,1.0524225,0.35818170615877915
netflix_sample2_train,100k,0.2,0.0,0.4831230283947269,1.006713,0.36391566199789604
netflix_sample3_train,100k,0.2,0.0,0.47962345530464096,1.0300775,0.35862219326897504
pinterest_sample1_train,100k,0.2,0.0,0.695882006062997,0.4409884,0.669962866288186
pinterest_sample2_train,100k,0.2,0.0,0.695738149446964,0.46036842,0.669408820843708
pinterest_sample3_train,100k,0.2,0.0,0.6960165908274473,0.44098952,0.669599263744081
steam_sample1_train,100k,0.2,0.0,0.7059807853476966,1.5565375,0.5841849391487711
steam_sample2_train,100k,0.2,0.0,0.7058416541346877,1.5900007,0.583982848463853
steam_sample3_train,100k,0.2,0.0,0.705692597946853,1.5619639,0.5841106241265953
yahoo-music_sample1_train,100k,0.2,0.0,0.20274002886687267,0.3316892,0.15703297752060602
yahoo-music_sample2_train,100k,0.2,0.0,0.1999865690445115,0.31337693,0.15469885744283254
yahoo-music_sample3_train,100k,0.2,0.0,0.20257299344631519,0.32239357,0.15698756697899463
yelp2022_sample1_train,100k,0.2,0.0,0.579222067385523,0.1486663,0.5472929486161213
yelp2022_sample2_train,100k,0.2,0.0,0.5796081502298022,0.12047359,0.5450294108055137
yelp2022_sample3_train,100k,0.2,0.0,0.5784405990479161,0.14128435,0.5444206712664114
Amazon_Books_sample1_train,100k,0.2,0.3,0.6800751072537783,0.112817295,0.6531814946442448
Amazon_Books_sample2_train,100k,0.2,0.3,0.6817237588611165,0.11638764,0.6532771276908961
Amazon_Books_sample3_train,100k,0.2,0.3,0.6743981539036737,0.13939051,0.6437611875810642
Amazon_Digital_Music_sample1_train,100k,0.2,0.3,0.6983834019462569,0.20904554,0.5945838424520524
Amazon_Digital_Music_sample2_train,100k,0.2,0.3,0.6983834019462569,0.20904554,0.5945838424520524
Amazon_Digital_Music_sample3_train,100k,0.2,0.3,0.6983834019462569,0.20904554,0.5945838424520524
Amazon_Grocery_and_Gourmet_Food_sample1_train,100k,0.2,0.3,0.6955351188494966,0.15704976,0.6723449116086261
Amazon_Grocery_and_Gourmet_Food_sample2_train,100k,0.2,0.3,0.6944752732240937,0.19139002,0.6728896698988159
Amazon_Grocery_and_Gourmet_Food_sample3_train,100k,0.2,0.3,0.6949316694711882,0.18435712,0.6731887165865236
Amazon_Health_and_Personal_Care_sample1_train,100k,0.2,0.3,0.635080216706443,0.16454493,0.4915251993755175
Amazon_Health_and_Personal_Care_sample2_train,100k,0.2,0.3,0.635080216706443,0.16454493,0.4915251993755175
Amazon_Health_and_Personal_Care_sample3_train,100k,0.2,0.3,0.635080216706443,0.16454493,0.4915251993755175
Amazon_Movies_and_TV_sample1_train,100k,0.2,0.3,0.6795119129443262,0.31643844,0.6547980838370636
Amazon_Movies_and_TV_sample2_train,100k,0.2,0.3,0.676969581294358,0.3523964,0.6513247339371181
Amazon_Movies_and_TV_sample3_train,100k,0.2,0.3,0.6773110980692763,0.3262664,0.6514542004234037
BeerAdvocate_sample1_train,100k,0.2,0.3,0.49656448180327506,0.5656015,0.3929016814523283
BeerAdvocate_sample2_train,100k,0.2,0.3,0.49541795841775743,0.5455447,0.38804097307441404
BeerAdvocate_sample3_train,100k,0.2,0.3,0.49829034019917645,0.5836468,0.39276579785589777
Behance_sample1_train,100k,0.2,0.3,0.7010553693668536,0.24376981,0.6251173241416278
Behance_sample2_train,100k,0.2,0.3,0.7016754901521526,0.24012162,0.6225628196132308
Behance_sample3_train,100k,0.2,0.3,0.7010267911706457,0.228024,0.6242335718470541
DianPing_sample1_train,100k,0.2,0.3,0.5221749062305225,0.12702288,0.5023225764735638
DianPing_sample2_train,100k,0.2,0.3,0.5226518024868502,0.12761681,0.5057394474863218
DianPing_sample3_train,100k,0.2,0.3,0.5219505604222053,0.11224233,0.5026784591793269
Food_sample1_train,100k,0.2,0.3,0.700556590711667,0.1686058,0.6158743602492959
Food_sample2_train,100k,0.2,0.3,0.6970967836256529,0.17165421,0.592252642440739
Food_sample3_train,100k,0.2,0.3,0.7002783785965166,0.1711567,0.6161560666249902
GoodReads_sample1_train,100k,0.2,0.3,0.5615073354611156,1.1074069,0.42234242864280547
GoodReads_sample2_train,100k,0.2,0.3,0.5597069128205278,1.1497842,0.4206314896217163
GoodReads_sample3_train,100k,0.2,0.3,0.5572723552470135,1.155456,0.4085951390519069
KDD2010-algebra2006_2007_sample1_train,100k,0.2,0.3,0.6989997014769421,4.248379,0.3265328048095732
KDD2010-algebra2006_2007_sample2_train,100k,0.2,0.3,0.6983551791566708,4.701257,0.2966349498962703
KDD2010-algebra2006_2007_sample3_train,100k,0.2,0.3,0.7106768627530636,4.245466,0.31773858281163475
ModCloth_sample1_train,100k,0.2,0.3,0.5715788734346582,0.42274535,0.37904034509868906
ModCloth_sample2_train,100k,0.2,0.3,0.5715788734346582,0.42274535,0.37904034509868906
ModCloth_sample3_train,100k,0.2,0.3,0.5715788734346582,0.42274535,0.37904034509868906
RateBeer_sample1_train,100k,0.2,0.3,0.6911656267545556,1.5198436,0.40399464464709967
RateBeer_sample2_train,100k,0.2,0.3,0.6938482385463333,1.3324553,0.403632936705483
RateBeer_sample3_train,100k,0.2,0.3,0.6847569018734484,1.6538008,0.4147687339737723
RentTheRunway_sample1_train,100k,0.2,0.3,0.6781403830768539,0.15556453,0.6391653924446663
RentTheRunway_sample2_train,100k,0.2,0.3,0.6781403830768539,0.15556453,0.6391653924446663
RentTheRunway_sample3_train,100k,0.2,0.3,0.6781403830768539,0.15556453,0.6391653924446663
Twitch-100k_sample1_train,100k,0.2,0.3,0.6960454978844405,0.363837,0.6579425219982841
Twitch-100k_sample2_train,100k,0.2,0.3,0.6954141712865316,0.36880746,0.655823233005069
Twitch-100k_sample3_train,100k,0.2,0.3,0.695122987559854,0.34707937,0.6568128515061801
anime_sample1_train,100k,0.2,0.3,0.5450282488105841,0.5807516,0.44729004879169015
anime_sample2_train,100k,0.2,0.3,0.5513065335627861,0.5919864,0.4536290029659895
anime_sample3_train,100k,0.2,0.3,0.5466982168134034,0.6055973,0.44742035961149346
book-crossing_sample1_train,100k,0.2,0.3,0.5327606883447177,0.7927764,0.44853042548184135
book-crossing_sample2_train,100k,0.2,0.3,0.5328041952578237,0.8256259,0.4385570373612109
book-crossing_sample3_train,100k,0.2,0.3,0.5296848025444311,0.7612607,0.4603551627676383
douban_sample1_train,100k,0.2,0.3,0.53641620455531,1.8497401,0.3402232657729058
douban_sample2_train,100k,0.2,0.3,0.533970612893699,1.8880706,0.336912715179047
douban_sample3_train,100k,0.2,0.3,0.5345055132158834,1.8210841,0.34025814792585823
epinions_sample1_train,100k,0.2,0.3,0.6365269786943818,0.098816834,0.6072394942619544
epinions_sample2_train,100k,0.2,0.3,0.6365269786943818,0.098816834,0.6072394942619544
epinions_sample3_train,100k,0.2,0.3,0.6365269786943818,0.098816834,0.6072394942619544
jester_sample1_train,100k,0.2,0.3,0.41865292186388636,0.7737725,0.23349039954118567
jester_sample2_train,100k,0.2,0.3,0.4170720560014278,0.7666249,0.23491894026433605
jester_sample3_train,100k,0.2,0.3,0.4220590614212332,0.7919419,0.2351307340294391
lastfm_sample1_train,100k,0.2,0.3,0.6417860846647769,1.0718052,0.5477112009578536
lastfm_sample2_train,100k,0.2,0.3,0.6417860846647769,1.0718052,0.5477112009578536
lastfm_sample3_train,100k,0.2,0.3,0.6417860846647769,1.0718052,0.5477112009578536
ml-1m_sample1_train,100k,0.2,0.3,0.48480515661283824,0.7897105,0.3927425782101026
ml-1m_sample2_train,100k,0.2,0.3,0.486343127823073,0.8089795,0.39264963939002184
ml-1m_sample3_train,100k,0.2,0.3,0.480793293727421,0.8095549,0.38705782813840733
netflix_sample1_train,100k,0.2,0.3,0.49650297421998735,0.9237917,0.3891359174639572
netflix_sample2_train,100k,0.2,0.3,0.5004993460547716,0.9205651,0.39394170608059326
netflix_sample3_train,100k,0.2,0.3,0.49587808610565137,0.92099476,0.3886382831110699
pinterest_sample1_train,100k,0.2,0.3,0.695882006062997,0.4409884,0.669962866288186
pinterest_sample2_train,100k,0.2,0.3,0.695738149446964,0.46036842,0.669408820843708
pinterest_sample3_train,100k,0.2,0.3,0.6960165908274473,0.44098952,0.669599263744081
steam_sample1_train,100k,0.2,0.3,0.7059807853476966,1.5565375,0.5841849391487711
steam_sample2_train,100k,0.2,0.3,0.7058416541346877,1.5900007,0.583982848463853
steam_sample3_train,100k,0.2,0.3,0.705692597946853,1.5619639,0.5841106241265953
yahoo-music_sample1_train,100k,0.2,0.3,0.2080475219484251,0.24350087,0.16539571589068033
yahoo-music_sample2_train,100k,0.2,0.3,0.20480539353950175,0.23993404,0.16231501467889745
yahoo-music_sample3_train,100k,0.2,0.3,0.20717508281579067,0.2560778,0.16503521874081775
yelp2022_sample1_train,100k,0.2,0.3,0.6164761795400854,0.15811616,0.5890115122820884
yelp2022_sample2_train,100k,0.2,0.3,0.615047503639747,0.12822706,0.5852811735527497
yelp2022_sample3_train,100k,0.2,0.3,0.6175932004065496,0.1509918,0.5884516242468457
Amazon_Books_sample1_train,100k,0.2,0.7,0.7620961834009017,0.13814892,0.7451708370411451
Amazon_Books_sample2_train,100k,0.2,0.7,0.7615433058802465,0.15684403,0.7445716904503881
Amazon_Books_sample3_train,100k,0.2,0.7,0.7516401874793255,0.1908253,0.7328368463652275
Amazon_Digital_Music_sample1_train,100k,0.2,0.7,0.7373216537265802,0.118051864,0.6732271321388534
Amazon_Digital_Music_sample2_train,100k,0.2,0.7,0.7373216537265802,0.118051864,0.6732271321388534
Amazon_Digital_Music_sample3_train,100k,0.2,0.7,0.7373216537265802,0.118051864,0.6732271321388534
Amazon_Grocery_and_Gourmet_Food_sample1_train,100k,0.2,0.7,0.7704910340480615,0.14831097,0.7549879553898119
Amazon_Grocery_and_Gourmet_Food_sample2_train,100k,0.2,0.7,0.7716167882933944,0.10595576,0.757075475143873
Amazon_Grocery_and_Gourmet_Food_sample3_train,100k,0.2,0.7,0.774617912748995,0.089674495,0.7601784890448963
Amazon_Health_and_Personal_Care_sample1_train,100k,0.2,0.7,0.6497254109071237,0.11473581,0.5567115115293882
Amazon_Health_and_Personal_Care_sample2_train,100k,0.2,0.7,0.6497254109071237,0.11473581,0.5567115115293882
Amazon_Health_and_Personal_Care_sample3_train,100k,0.2,0.7,0.6497254109071237,0.11473581,0.5567115115293882
Amazon_Movies_and_TV_sample1_train,100k,0.2,0.7,0.7542784155769754,0.2085615,0.7387896864575055
Amazon_Movies_and_TV_sample2_train,100k,0.2,0.7,0.7555311635365752,0.23172198,0.7393735357100749
Amazon_Movies_and_TV_sample3_train,100k,0.2,0.7,0.7540461617449822,0.20890182,0.737763666907253
BeerAdvocate_sample1_train,100k,0.2,0.7,0.5141916519233006,0.39671412,0.4489497072663626
BeerAdvocate_sample2_train,100k,0.2,0.7,0.5136950174989412,0.4117937,0.444711416860664
BeerAdvocate_sample3_train,100k,0.2,0.7,0.5165902373737278,0.37608612,0.4511814680158425
Behance_sample1_train,100k,0.2,0.7,0.7010553693668536,0.24376981,0.6251173241416278
Behance_sample2_train,100k,0.2,0.7,0.7016754901521526,0.24012162,0.6225628196132308
Behance_sample3_train,100k,0.2,0.7,0.7010267911706457,0.228024,0.6242335718470541
DianPing_sample1_train,100k,0.2,0.7,0.5855627985558787,0.18886618,0.5732266755386924
DianPing_sample2_train,100k,0.2,0.7,0.5884576782975383,0.18628204,0.5773763625206382
DianPing_sample3_train,100k,0.2,0.7,0.5859104045416158,0.1803445,0.573215885897853
Food_sample1_train,100k,0.2,0.7,0.7508876576900639,0.16842522,0.6982488306375694
Food_sample2_train,100k,0.2,0.7,0.7333727187488875,0.15109958,0.6722195739207303
Food_sample3_train,100k,0.2,0.7,0.7485374669007454,0.14219272,0.6996476369662695
GoodReads_sample1_train,100k,0.2,0.7,0.5476149469583768,1.6545347,0.4230886003874488
GoodReads_sample2_train,100k,0.2,0.7,0.5423144569964852,1.7040534,0.41700635202669584
GoodReads_sample3_train,100k,0.2,0.7,0.5388556347455942,1.826681,0.403476516497487
KDD2010-algebra2006_2007_sample1_train,100k,0.2,0.7,0.6989997014769421,4.248379,0.3265328048095732
KDD2010-algebra2006_2007_sample2_train,100k,0.2,0.7,0.6983551791566708,4.701257,0.2966349498962703
KDD2010-algebra2006_2007_sample3_train,100k,0.2,0.7,0.7106768627530636,4.245466,0.31773858281163475
ModCloth_sample1_train,100k,0.2,0.7,0.562307809134169,0.20504989,0.43510978314640053
ModCloth_sample2_train,100k,0.2,0.7,0.562307809134169,0.20504989,0.43510978314640053
ModCloth_sample3_train,100k,0.2,0.7,0.562307809134169,0.20504989,0.43510978314640053
RateBeer_sample1_train,100k,0.2,0.7,0.6911656267545556,1.5198436,0.40399464464709967
RateBeer_sample2_train,100k,0.2,0.7,0.6938482385463333,1.3324553,0.403632936705483
RateBeer_sample3_train,100k,0.2,0.7,0.6847569018734484,1.6538008,0.4147687339737723
RentTheRunway_sample1_train,100k,0.2,0.7,0.7515234577693034,0.08186827,0.7294180490616324
RentTheRunway_sample2_train,100k,0.2,0.7,0.7515234577693034,0.08186827,0.7294180490616324
RentTheRunway_sample3_train,100k,0.2,0.7,0.7515234577693034,0.08186827,0.7294180490616324
Twitch-100k_sample1_train,100k,0.2,0.7,0.6960454978844405,0.363837,0.6579425219982841
Twitch-100k_sample2_train,100k,0.2,0.7,0.6954141712865316,0.36880746,0.655823233005069
Twitch-100k_sample3_train,100k,0.2,0.7,0.695122987559854,0.34707937,0.6568128515061801
anime_sample1_train,100k,0.2,0.7,0.5623625451108647,0.48448387,0.49132747862664733
anime_sample2_train,100k,0.2,0.7,0.568194449765452,0.4424437,0.49888564041361966
anime_sample3_train,100k,0.2,0.7,0.5662422635436916,0.51124257,0.49381954949382445
book-crossing_sample1_train,100k,0.2,0.7,0.5020385349712512,1.8323803,0.4236235061380154
book-crossing_sample2_train,100k,0.2,0.7,0.4989171521645453,1.7572285,0.411501739383165
book-crossing_sample3_train,100k,0.2,0.7,0.4940149255275333,1.7587487,0.42647358285497927
douban_sample1_train,100k,0.2,0.7,0.513280863710059,1.5450548,0.37506083215099073
douban_sample2_train,100k,0.2,0.7,0.5146450392562635,1.5222443,0.3754710183652281
douban_sample3_train,100k,0.2,0.7,0.5113984360177332,1.5687109,0.3739575056072082
epinions_sample1_train,100k,0.2,0.7,0.7036208854557016,0.09150372,0.6842499959473364
epinions_sample2_train,100k,0.2,0.7,0.7036208854557016,0.09150372,0.6842499959473364
epinions_sample3_train,100k,0.2,0.7,0.7036208854557016,0.09150372,0.6842499959473364
jester_sample1_train,100k,0.2,0.7,0.4091012996895613,0.5303851,0.26367969686022413
jester_sample2_train,100k,0.2,0.7,0.40751984291313553,0.5491074,0.26482330617538113
jester_sample3_train,100k,0.2,0.7,0.41162331620645215,0.5252558,0.2642420126297665
lastfm_sample1_train,100k,0.2,0.7,0.6417860846647769,1.0718052,0.5477112009578536
lastfm_sample2_train,100k,0.2,0.7,0.6417860846647769,1.0718052,0.5477112009578536
lastfm_sample3_train,100k,0.2,0.7,0.6417860846647769,1.0718052,0.5477112009578536
ml-1m_sample1_train,100k,0.2,0.7,0.5083692305237361,0.64754134,0.44086183172234966
ml-1m_sample2_train,100k,0.2,0.7,0.5093636343229359,0.6191297,0.44218830605095727
ml-1m_sample3_train,100k,0.2,0.7,0.5053027337707532,0.65977794,0.4356987095591703
netflix_sample1_train,100k,0.2,0.7,0.5207791650859306,0.7800126,0.4427524538982859
netflix_sample2_train,100k,0.2,0.7,0.5256210237033482,0.799812,0.4481122677803586
netflix_sample3_train,100k,0.2,0.7,0.5201117298183622,0.7396486,0.4431116760866674
pinterest_sample1_train,100k,0.2,0.7,0.695882006062997,0.4409884,0.669962866288186
pinterest_sample2_train,100k,0.2,0.7,0.695738149446964,0.46036842,0.669408820843708
pinterest_sample3_train,100k,0.2,0.7,0.6960165908274473,0.44098952,0.669599263744081
steam_sample1_train,100k,0.2,0.7,0.7059807853476966,1.5565375,0.5841849391487711
steam_sample2_train,100k,0.2,0.7,0.7058416541346877,1.5900007,0.583982848463853
steam_sample3_train,100k,0.2,0.7,0.705692597946853,1.5619639,0.5841106241265953
yahoo-music_sample1_train,100k,0.2,0.7,0.21496422733192397,0.2713522,0.17794340435145425
yahoo-music_sample2_train,100k,0.2,0.7,0.21157252861158796,0.27040076,0.1749174685478311
yahoo-music_sample3_train,100k,0.2,0.7,0.2138515154804251,0.24163347,0.1779047253332263
yelp2022_sample1_train,100k,0.2,0.7,0.6849446777304274,0.2772158,0.6648354941400173
yelp2022_sample2_train,100k,0.2,0.7,0.6811229585799486,0.23082912,0.6605595497399136
yelp2022_sample3_train,100k,0.2,0.7,0.681939856959227,0.21109857,0.6620616028539351
Amazon_Books_sample1_train,100k,0.2,1.0,0.8481504931019478,0.22017725,0.8413434910779758
Amazon_Books_sample2_train,100k,0.2,1.0,0.8501929854601881,0.23678593,0.8436814558541798
Amazon_Books_sample3_train,100k,0.2,1.0,0.8399908694428889,0.2702268,0.8324379540891461
Amazon_Digital_Music_sample1_train,100k,0.2,1.0,0.7867470792748604,0.08925652,0.7639046518635699
Amazon_Digital_Music_sample2_train,100k,0.2,1.0,0.7867470792748604,0.08925652,0.7639046518635699
Amazon_Digital_Music_sample3_train,100k,0.2,1.0,0.7867470792748604,0.08925652,0.7639046518635699
Amazon_Grocery_and_Gourmet_Food_sample1_train,100k,0.2,1.0,0.8552561997560743,0.17716962,0.8481538771246705
Amazon_Grocery_and_Gourmet_Food_sample2_train,100k,0.2,1.0,0.8543781416994363,0.12842412,0.847966155863849
Amazon_Grocery_and_Gourmet_Food_sample3_train,100k,0.2,1.0,0.8569299164078864,0.092743136,0.8509060798233489
Amazon_Health_and_Personal_Care_sample1_train,100k,0.2,1.0,0.6645297392238652,0.08934545,0.6283053389490841
Amazon_Health_and_Personal_Care_sample2_train,100k,0.2,1.0,0.6645297392238652,0.08934545,0.6283053389490841
Amazon_Health_and_Personal_Care_sample3_train,100k,0.2,1.0,0.6645297392238652,0.08934545,0.6283053389490841
Amazon_Movies_and_TV_sample1_train,100k,0.2,1.0,0.8384203417585474,0.20264518,0.8311421551275685
Amazon_Movies_and_TV_sample2_train,100k,0.2,1.0,0.8384678271309999,0.14232475,0.8320971583565558
Amazon_Movies_and_TV_sample3_train,100k,0.2,1.0,0.836259391690484,0.21847872,0.8300730734913824
BeerAdvocate_sample1_train,100k,0.2,1.0,0.5289855525678863,0.25653848,0.5153594552986335
BeerAdvocate_sample2_train,100k,0.2,1.0,0.5263750975121875,0.29259714,0.5090009422869708
BeerAdvocate_sample3_train,100k,0.2,1.0,0.5284826719747605,0.21996987,0.5150605583224425
Behance_sample1_train,100k,0.2,1.0,0.7010553693668536,0.24376981,0.6251173241416278
Behance_sample2_train,100k,0.2,1.0,0.7016754901521526,0.24012162,0.6225628196132308
Behance_sample3_train,100k,0.2,1.0,0.7010267911706457,0.228024,0.6242335718470541
DianPing_sample1_train,100k,0.2,1.0,0.6552834854782842,0.2217319,0.6515042778577435
DianPing_sample2_train,100k,0.2,1.0,0.6614005943608497,0.23014702,0.6573406050345774
DianPing_sample3_train,100k,0.2,1.0,0.6580563246994766,0.21269043,0.6535636306121041
Food_sample1_train,100k,0.2,1.0,0.8015021282539876,0.1600412,0.7913564217740361
Food_sample2_train,100k,0.2,1.0,0.7711092706293435,0.16655679,0.7591865059588709
Food_sample3_train,100k,0.2,1.0,0.8017399087963052,0.13777548,0.7939854868709695
GoodReads_sample1_train,100k,0.2,1.0,0.5328764761071084,2.0464456,0.42005407102168196
GoodReads_sample2_train,100k,0.2,1.0,0.5310584843291988,1.9993677,0.4148529385921256
GoodReads_sample3_train,100k,0.2,1.0,0.5280034229449817,2.2034147,0.4003311096749565
KDD2010-algebra2006_2007_sample1_train,100k,0.2,1.0,0.6989997014769421,4.248379,0.3265328048095732
KDD2010-algebra2006_2007_sample2_train,100k,0.2,1.0,0.6983551791566708,4.701257,0.2966349498962703
KDD2010-algebra2006_2007_sample3_train,100k,0.2,1.0,0.7106768627530636,4.245466,0.31773858281163475
ModCloth_sample1_train,100k,0.2,1.0,0.5427848070875653,0.08784301,0.49081094513002554
ModCloth_sample2_train,100k,0.2,1.0,0.5427848070875653,0.08784301,0.49081094513002554
ModCloth_sample3_train,100k,0.2,1.0,0.5427848070875653,0.08784301,0.49081094513002554
RateBeer_sample1_train,100k,0.2,1.0,0.6911656267545556,1.5198436,0.40399464464709967
RateBeer_sample2_train,100k,0.2,1.0,0.6938482385463333,1.3324553,0.403632936705483
RateBeer_sample3_train,100k,0.2,1.0,0.6847569018734484,1.6538008,0.4147687339737723
RentTheRunway_sample1_train,100k,0.2,1.0,0.8380322127912486,0.062057648,0.8342875380938687
RentTheRunway_sample2_train,100k,0.2,1.0,0.8380322127912486,0.062057648,0.8342875380938687
RentTheRunway_sample3_train,100k,0.2,1.0,0.8380322127912486,0.062057648,0.8342875380938687
Twitch-100k_sample1_train,100k,0.2,1.0,0.6960454978844405,0.363837,0.6579425219982841
Twitch-100k_sample2_train,100k,0.2,1.0,0.6954141712865316,0.36880746,0.655823233005069
Twitch-100k_sample3_train,100k,0.2,1.0,0.695122987559854,0.34707937,0.6568128515061801
anime_sample1_train,100k,0.2,1.0,0.5747862308361543,0.38621855,0.5337537660025311
anime_sample2_train,100k,0.2,1.0,0.5845829451975901,0.3664643,0.5437753490452051
anime_sample3_train,100k,0.2,1.0,0.5796241603876623,0.4308879,0.535784650366162
book-crossing_sample1_train,100k,0.2,1.0,0.4751584928891108,2.484617,0.4013303425605961
book-crossing_sample2_train,100k,0.2,1.0,0.4720853188867316,2.4071658,0.39168868875623364
book-crossing_sample3_train,100k,0.2,1.0,0.47048152141210475,2.48549,0.40599193540598427
douban_sample1_train,100k,0.2,1.0,0.47499213798249434,1.3106459,0.4140979706197754
douban_sample2_train,100k,0.2,1.0,0.47748326497733906,1.3857273,0.41401925952032353
douban_sample3_train,100k,0.2,1.0,0.47515443385047895,1.2780875,0.4127235199577364
epinions_sample1_train,100k,0.2,1.0,0.7750925604450978,0.073162496,0.7662779578766648
epinions_sample2_train,100k,0.2,1.0,0.7750925604450978,0.073162496,0.7662779578766648
epinions_sample3_train,100k,0.2,1.0,0.7750925604450978,0.073162496,0.7662779578766648
jester_sample1_train,100k,0.2,1.0,0.39428692161181306,0.43109432,0.2947639734570309
jester_sample2_train,100k,0.2,1.0,0.38982351781552277,0.4095038,0.29586818558301126
jester_sample3_train,100k,0.2,1.0,0.39491697754806854,0.4184288,0.2980322401649051
lastfm_sample1_train,100k,0.2,1.0,0.6417860846647769,1.0718052,0.5477112009578536
lastfm_sample2_train,100k,0.2,1.0,0.6417860846647769,1.0718052,0.5477112009578536
lastfm_sample3_train,100k,0.2,1.0,0.6417860846647769,1.0718052,0.5477112009578536
ml-1m_sample1_train,100k,0.2,1.0,0.5334965882550119,0.53438336,0.49404267491537174
ml-1m_sample2_train,100k,0.2,1.0,0.5309964707958351,0.447427,0.4973901051459342
ml-1m_sample3_train,100k,0.2,1.0,0.5301490565830834,0.5060193,0.4902709754739473
netflix_sample1_train,100k,0.2,1.0,0.5464103113882378,0.697552,0.5041519870360245
netflix_sample2_train,100k,0.2,1.0,0.548871115239094,0.6814081,0.5050625295824148
netflix_sample3_train,100k,0.2,1.0,0.5452921341601232,0.66094476,0.5013120692584052
pinterest_sample1_train,100k,0.2,1.0,0.695882006062997,0.4409884,0.669962866288186
pinterest_sample2_train,100k,0.2,1.0,0.695738149446964,0.46036842,0.669408820843708
pinterest_sample3_train,100k,0.2,1.0,0.6960165908274473,0.44098952,0.669599263744081
steam_sample1_train,100k,0.2,1.0,0.7059807853476966,1.5565375,0.5841849391487711
steam_sample2_train,100k,0.2,1.0,0.7058416541346877,1.5900007,0.583982848463853
steam_sample3_train,100k,0.2,1.0,0.705692597946853,1.5619639,0.5841106241265953
yahoo-music_sample1_train,100k,0.2,1.0,0.222583469166713,0.3268444,0.190661547559133
yahoo-music_sample2_train,100k,0.2,1.0,0.21869840002392762,0.32499024,0.1870671029885981
yahoo-music_sample3_train,100k,0.2,1.0,0.2208074815975313,0.27567038,0.19088393442368146
yelp2022_sample1_train,100k,0.2,1.0,0.7529760997933003,0.35119805,0.7417307686900309
yelp2022_sample2_train,100k,0.2,1.0,0.7504180531909164,0.33934966,0.7392051186400925
yelp2022_sample3_train,100k,0.2,1.0,0.7521823723798184,0.2991705,0.7424685866184227
Amazon_Books_sample1_train,100k,0.25,0.0,0.6368787378646222,0.17102464,0.6042349755637849
Amazon_Books_sample2_train,100k,0.25,0.0,0.6371378993656468,0.18741019,0.6043133663530552
Amazon_Books_sample3_train,100k,0.25,0.0,0.6322870501707181,0.17741467,0.5961502655021295
Amazon_Digital_Music_sample1_train,100k,0.25,0.0,0.6741895972660915,0.34085485,0.5471391539723721
Amazon_Digital_Music_sample2_train,100k,0.25,0.0,0.6741895972660915,0.34085485,0.5471391539723721
Amazon_Digital_Music_sample3_train,100k,0.25,0.0,0.6741895972660915,0.34085485,0.5471391539723721
Amazon_Grocery_and_Gourmet_Food_sample1_train,100k,0.25,0.0,0.6508377213508134,0.29998583,0.6237066304385208
Amazon_Grocery_and_Gourmet_Food_sample2_train,100k,0.25,0.0,0.6507702286125037,0.35230693,0.6248919575712092
Amazon_Grocery_and_Gourmet_Food_sample3_train,100k,0.25,0.0,0.6520081529500708,0.32679206,0.6262132544530762
Amazon_Health_and_Personal_Care_sample1_train,100k,0.25,0.0,0.6211337969199607,0.27778995,0.45414860506920046
Amazon_Health_and_Personal_Care_sample2_train,100k,0.25,0.0,0.6211337969199607,0.27778995,0.45414860506920046
Amazon_Health_and_Personal_Care_sample3_train,100k,0.25,0.0,0.6211337969199607,0.27778995,0.45414860506920046
Amazon_Movies_and_TV_sample1_train,100k,0.25,0.0,0.6354621858995559,0.5359759,0.6058725495243057
Amazon_Movies_and_TV_sample2_train,100k,0.25,0.0,0.6346795031502528,0.5758653,0.6046409354861909
Amazon_Movies_and_TV_sample3_train,100k,0.25,0.0,0.6346375443078481,0.5094113,0.604615964543794
BeerAdvocate_sample1_train,100k,0.25,0.0,0.4825215008349953,0.81317097,0.36258057043854536
BeerAdvocate_sample2_train,100k,0.25,0.0,0.482830946662987,0.8142031,0.3571399952241571
BeerAdvocate_sample3_train,100k,0.25,0.0,0.485016616529457,0.86409754,0.36127591202190007
Behance_sample1_train,100k,0.25,0.0,0.7015989036259219,0.26505476,0.6253222380480676
Behance_sample2_train,100k,0.25,0.0,0.7020352061055176,0.2922284,0.622891295817731
Behance_sample3_train,100k,0.25,0.0,0.701392533739658,0.27478817,0.6238276627162601
DianPing_sample1_train,100k,0.25,0.0,0.48636542478452544,0.124818034,0.4629089687995351
DianPing_sample2_train,100k,0.25,0.0,0.48685738838637693,0.14283156,0.4668065447235071
DianPing_sample3_train,100k,0.25,0.0,0.48606891025010474,0.11851517,0.46281681478887043
Food_sample1_train,100k,0.25,0.0,0.6721677457369103,0.22339724,0.5692180194205013
Food_sample2_train,100k,0.25,0.0,0.6736610291633403,0.23643388,0.5467483988544607
Food_sample3_train,100k,0.25,0.0,0.6713725489533817,0.22432578,0.5713372111488848
GoodReads_sample1_train,100k,0.25,0.0,0.5709669517898274,0.8529062,0.4232219321944139
GoodReads_sample2_train,100k,0.25,0.0,0.5694264163070102,0.91728085,0.4206323818888933
GoodReads_sample3_train,100k,0.25,0.0,0.5696928350782996,0.8177121,0.4116324944164523
KDD2010-algebra2006_2007_sample1_train,100k,0.25,0.0,0.6955671351847975,5.2827153,0.3267731521644201
KDD2010-algebra2006_2007_sample2_train,100k,0.25,0.0,0.6936361541315871,5.745873,0.2952659335913705
KDD2010-algebra2006_2007_sample3_train,100k,0.25,0.0,0.706901940728883,5.2325654,0.3172620218114031
ModCloth_sample1_train,100k,0.25,0.0,0.577944943576607,0.7440438,0.3525218134880932
ModCloth_sample2_train,100k,0.25,0.0,0.577944943576607,0.7440438,0.3525218134880932
ModCloth_sample3_train,100k,0.25,0.0,0.577944943576607,0.7440438,0.3525218134880932
RateBeer_sample1_train,100k,0.25,0.0,0.689506589202534,1.8435163,0.4055214855923314
RateBeer_sample2_train,100k,0.25,0.0,0.6938405537068455,1.6521759,0.40374398758522045
RateBeer_sample3_train,100k,0.25,0.0,0.6829720592569481,2.0264387,0.4134068596500349
RentTheRunway_sample1_train,100k,0.25,0.0,0.6353016902597703,0.2715659,0.5871335742012028
RentTheRunway_sample2_train,100k,0.25,0.0,0.6353016902597703,0.2715659,0.5871335742012028
RentTheRunway_sample3_train,100k,0.25,0.0,0.6353016902597703,0.2715659,0.5871335742012028
Twitch-100k_sample1_train,100k,0.25,0.0,0.6968726524809649,0.4205085,0.6580512195721652
Twitch-100k_sample2_train,100k,0.25,0.0,0.6963805898207939,0.43337575,0.6558311785747287
Twitch-100k_sample3_train,100k,0.25,0.0,0.6961847812563787,0.41089746,0.6569285086903023
anime_sample1_train,100k,0.25,0.0,0.5339208227979446,0.79304427,0.42019265110144977
anime_sample2_train,100k,0.25,0.0,0.539373345378881,0.8222961,0.42682530660927487
anime_sample3_train,100k,0.25,0.0,0.5357716847470088,0.8099659,0.4230624733738935
book-crossing_sample1_train,100k,0.25,0.0,0.561546574371984,0.104607284,0.4720242419523191
book-crossing_sample2_train,100k,0.25,0.0,0.5614405147766092,0.08953925,0.4665001019552597
book-crossing_sample3_train,100k,0.25,0.0,0.5612717652094529,0.089518346,0.48898694203727544
douban_sample1_train,100k,0.25,0.0,0.5441868468429025,2.6247928,0.31926164729681555
douban_sample2_train,100k,0.25,0.0,0.5445618018484141,2.670633,0.3181619343282385
douban_sample3_train,100k,0.25,0.0,0.5446940814874344,2.6054142,0.32074799128837805
epinions_sample1_train,100k,0.25,0.0,0.596302257672017,0.14899904,0.5598749464490895
epinions_sample2_train,100k,0.25,0.0,0.596302257672017,0.14899904,0.5598749464490895
epinions_sample3_train,100k,0.25,0.0,0.596302257672017,0.14899904,0.5598749464490895
jester_sample1_train,100k,0.25,0.0,0.4240541086212544,1.2369132,0.21849528455524814
jester_sample2_train,100k,0.25,0.0,0.42186311619268174,1.1867992,0.21867734891425417
jester_sample3_train,100k,0.25,0.0,0.42535657536142396,1.2015749,0.2203369748181959
lastfm_sample1_train,100k,0.25,0.0,0.6433841741946389,1.2920607,0.54729248310024
lastfm_sample2_train,100k,0.25,0.0,0.6433841741946389,1.2920607,0.54729248310024
lastfm_sample3_train,100k,0.25,0.0,0.6433841741946389,1.2920607,0.54729248310024
ml-1m_sample1_train,100k,0.25,0.0,0.4721508399772314,1.0967079,0.3652770314025451
ml-1m_sample2_train,100k,0.25,0.0,0.47187762138315725,1.1158501,0.36503277934967904
ml-1m_sample3_train,100k,0.25,0.0,0.4680041261847044,1.11591,0.36044152907878235
netflix_sample1_train,100k,0.25,0.0,0.48036211921205724,1.3024064,0.35742975679040945
netflix_sample2_train,100k,0.25,0.0,0.483440314485939,1.2314678,0.3643225987619572
netflix_sample3_train,100k,0.25,0.0,0.479153208842354,1.2928448,0.3585057486717674
pinterest_sample1_train,100k,0.25,0.0,0.6968544916403281,0.50774705,0.6702547127574352
pinterest_sample2_train,100k,0.25,0.0,0.6963187997402246,0.5561914,0.6692101177255513
pinterest_sample3_train,100k,0.25,0.0,0.6969792254580168,0.5128487,0.6697182304598538
steam_sample1_train,100k,0.25,0.0,0.7059578358755266,1.9851822,0.5833589625704823
steam_sample2_train,100k,0.25,0.0,0.7059746145840412,2.018369,0.5838134233475063
steam_sample3_train,100k,0.25,0.0,0.7058938153174547,2.0077405,0.5836431108382533
yahoo-music_sample1_train,100k,0.25,0.0,0.2029749007684426,0.4082304,0.15730269090344173
yahoo-music_sample2_train,100k,0.25,0.0,0.19997136213885536,0.3938953,0.15402764877559275
yahoo-music_sample3_train,100k,0.25,0.0,0.202265317961396,0.41284966,0.15642250459775717
yelp2022_sample1_train,100k,0.25,0.0,0.5791981450616445,0.18472594,0.5465703408779182
yelp2022_sample2_train,100k,0.25,0.0,0.5794446813425055,0.14191848,0.5444124151587725
yelp2022_sample3_train,100k,0.25,0.0,0.5796179682049719,0.15301065,0.5459952369241261
Amazon_Books_sample1_train,100k,0.25,0.3,0.6820229981593421,0.1459192,0.6541168547533763
Amazon_Books_sample2_train,100k,0.25,0.3,0.6825814912320727,0.1601295,0.6553667240627424
Amazon_Books_sample3_train,100k,0.25,0.3,0.6762094875862772,0.15046932,0.6461825368683095
Amazon_Digital_Music_sample1_train,100k,0.25,0.3,0.7075460504728367,0.26183718,0.595197187508449
Amazon_Digital_Music_sample2_train,100k,0.25,0.3,0.7075460504728367,0.26183718,0.595197187508449
Amazon_Digital_Music_sample3_train,100k,0.25,0.3,0.7075460504728367,0.26183718,0.595197187508449
Amazon_Grocery_and_Gourmet_Food_sample1_train,100k,0.25,0.3,0.6953279387905402,0.19346447,0.6713274147385121
Amazon_Grocery_and_Gourmet_Food_sample2_train,100k,0.25,0.3,0.6949205027154347,0.22762017,0.6727918786777715
Amazon_Grocery_and_Gourmet_Food_sample3_train,100k,0.25,0.3,0.6969797714452644,0.2187968,0.6749436622429004
Amazon_Health_and_Personal_Care_sample1_train,100k,0.25,0.3,0.6390804049357962,0.22555459,0.49310730148396525
Amazon_Health_and_Personal_Care_sample2_train,100k,0.25,0.3,0.6390804049357962,0.22555459,0.49310730148396525
Amazon_Health_and_Personal_Care_sample3_train,100k,0.25,0.3,0.6390804049357962,0.22555459,0.49310730148396525
Amazon_Movies_and_TV_sample1_train,100k,0.25,0.3,0.6797096501244444,0.37764034,0.6546090956071876
Amazon_Movies_and_TV_sample2_train,100k,0.25,0.3,0.6785020438899455,0.419053,0.6536209025137766
Amazon_Movies_and_TV_sample3_train,100k,0.25,0.3,0.6787151692417083,0.38494658,0.6525594670493527
BeerAdvocate_sample1_train,100k,0.25,0.3,0.49719493491917804,0.699933,0.39201993063708623
BeerAdvocate_sample2_train,100k,0.25,0.3,0.49748241421921596,0.6956792,0.38795497061195267
BeerAdvocate_sample3_train,100k,0.25,0.3,0.4996559829389959,0.69317204,0.39305305130831697
Behance_sample1_train,100k,0.25,0.3,0.7015989036259219,0.26505476,0.6253222380480676
Behance_sample2_train,100k,0.25,0.3,0.7020352061055176,0.2922284,0.622891295817731
Behance_sample3_train,100k,0.25,0.3,0.701392533739658,0.27478817,0.6238276627162601
DianPing_sample1_train,100k,0.25,0.3,0.5220540813595642,0.135962,0.5020449677046305
DianPing_sample2_train,100k,0.25,0.3,0.5224118135492116,0.15306376,0.5052029987638668
DianPing_sample3_train,100k,0.25,0.3,0.5225048789249581,0.1342685,0.5026701562785766
Food_sample1_train,100k,0.25,0.3,0.7029320339613897,0.22431791,0.616038783795829
Food_sample2_train,100k,0.25,0.3,0.6978997648701988,0.19954969,0.5916020260545259
Food_sample3_train,100k,0.25,0.3,0.7014200010816375,0.20182562,0.6182516684258744
GoodReads_sample1_train,100k,0.25,0.3,0.5616131993164616,1.4463283,0.4214394202829013
GoodReads_sample2_train,100k,0.25,0.3,0.5581839235714251,1.4392595,0.4177176367113031
GoodReads_sample3_train,100k,0.25,0.3,0.5585219553154116,1.4873261,0.40821484893761184
KDD2010-algebra2006_2007_sample1_train,100k,0.25,0.3,0.6955671351847975,5.2827153,0.3267731521644201
KDD2010-algebra2006_2007_sample2_train,100k,0.25,0.3,0.6936361541315871,5.745873,0.2952659335913705
KDD2010-algebra2006_2007_sample3_train,100k,0.25,0.3,0.706901940728883,5.2325654,0.3172620218114031
ModCloth_sample1_train,100k,0.25,0.3,0.5774105897026962,0.5314648,0.38387502362642656
ModCloth_sample2_train,100k,0.25,0.3,0.5774105897026962,0.5314648,0.38387502362642656
ModCloth_sample3_train,100k,0.25,0.3,0.5774105897026962,0.5314648,0.38387502362642656
RateBeer_sample1_train,100k,0.25,0.3,0.689506589202534,1.8435163,0.4055214855923314
RateBeer_sample2_train,100k,0.25,0.3,0.6938405537068455,1.6521759,0.40374398758522045
RateBeer_sample3_train,100k,0.25,0.3,0.6829720592569481,2.0264387,0.4134068596500349
RentTheRunway_sample1_train,100k,0.25,0.3,0.6775328397939934,0.18265636,0.6382924587494384
RentTheRunway_sample2_train,100k,0.25,0.3,0.6775328397939934,0.18265636,0.6382924587494384
RentTheRunway_sample3_train,100k,0.25,0.3,0.6775328397939934,0.18265636,0.6382924587494384
Twitch-100k_sample1_train,100k,0.25,0.3,0.6968726524809649,0.4205085,0.6580512195721652
Twitch-100k_sample2_train,100k,0.25,0.3,0.6963805898207939,0.43337575,0.6558311785747287
Twitch-100k_sample3_train,100k,0.25,0.3,0.6961847812563787,0.41089746,0.6569285086903023
anime_sample1_train,100k,0.25,0.3,0.5468422638981528,0.71173906,0.4477157600755908
anime_sample2_train,100k,0.25,0.3,0.5529567365595373,0.7076246,0.4541043583278141
anime_sample3_train,100k,0.25,0.3,0.5474520967285342,0.7415946,0.4470098235649294
book-crossing_sample1_train,100k,0.25,0.3,0.5336075359857967,1.0674083,0.4481475026341315
book-crossing_sample2_train,100k,0.25,0.3,0.533999190767839,1.0339088,0.44122181340032457
book-crossing_sample3_train,100k,0.25,0.3,0.5286144888212596,0.98819137,0.45826589065696094
douban_sample1_train,100k,0.25,0.3,0.5375342775540733,2.2997143,0.3405075363690657
douban_sample2_train,100k,0.25,0.3,0.5397825939308923,2.3090951,0.3397589598996378
douban_sample3_train,100k,0.25,0.3,0.5361964236190814,2.3112452,0.34084152194508605
epinions_sample1_train,100k,0.25,0.3,0.6344619262116425,0.11551418,0.6050474727130599
epinions_sample2_train,100k,0.25,0.3,0.6344619262116425,0.11551418,0.6050474727130599
epinions_sample3_train,100k,0.25,0.3,0.6344619262116425,0.11551418,0.6050474727130599
jester_sample1_train,100k,0.25,0.3,0.42004341186306027,0.93179387,0.23376533908545252
jester_sample2_train,100k,0.25,0.3,0.41882044128647805,0.9446612,0.23431336412085688
jester_sample3_train,100k,0.25,0.3,0.42221862353518747,0.9659676,0.2343355177272014
lastfm_sample1_train,100k,0.25,0.3,0.6433841741946389,1.2920607,0.54729248310024
lastfm_sample2_train,100k,0.25,0.3,0.6433841741946389,1.2920607,0.54729248310024
lastfm_sample3_train,100k,0.25,0.3,0.6433841741946389,1.2920607,0.54729248310024
ml-1m_sample1_train,100k,0.25,0.3,0.48810920060000945,0.9692982,0.39368374930942096
ml-1m_sample2_train,100k,0.25,0.3,0.4869855632543603,0.9592474,0.3929713718944845
ml-1m_sample3_train,100k,0.25,0.3,0.4830595238692201,1.0060753,0.3873140324072965
netflix_sample1_train,100k,0.25,0.3,0.49745067449452124,1.1467434,0.38855700385124337
netflix_sample2_train,100k,0.25,0.3,0.5011963570714242,1.152644,0.39347775756512
netflix_sample3_train,100k,0.25,0.3,0.49619457757949864,1.1115514,0.38863401470292397
pinterest_sample1_train,100k,0.25,0.3,0.6968544916403281,0.50774705,0.6702547127574352
pinterest_sample2_train,100k,0.25,0.3,0.6963187997402246,0.5561914,0.6692101177255513
pinterest_sample3_train,100k,0.25,0.3,0.6969792254580168,0.5128487,0.6697182304598538
steam_sample1_train,100k,0.25,0.3,0.7059578358755266,1.9851822,0.5833589625704823
steam_sample2_train,100k,0.25,0.3,0.7059746145840412,2.018369,0.5838134233475063
steam_sample3_train,100k,0.25,0.3,0.7058938153174547,2.0077405,0.5836431108382533
yahoo-music_sample1_train,100k,0.25,0.3,0.20794611051838693,0.28387198,0.16520077851060888
yahoo-music_sample2_train,100k,0.25,0.3,0.20508870994382755,0.28212202,0.16249521997552788
yahoo-music_sample3_train,100k,0.25,0.3,0.20761405800418276,0.29978174,0.16483299032119322
yelp2022_sample1_train,100k,0.25,0.3,0.6179499479361048,0.2206596,0.5895791063209441
yelp2022_sample2_train,100k,0.25,0.3,0.6156436524678283,0.16331078,0.5852796710093283
yelp2022_sample3_train,100k,0.25,0.3,0.6160918085462782,0.1661285,0.5874182476633687
Amazon_Books_sample1_train,100k,0.25,0.7,0.762393898997944,0.16980858,0.7431795240136765
Amazon_Books_sample2_train,100k,0.25,0.7,0.7629446096493843,0.2208091,0.7453786427261618
Amazon_Books_sample3_train,100k,0.25,0.7,0.7538311126732994,0.22666836,0.7337728906913205
Amazon_Digital_Music_sample1_train,100k,0.25,0.7,0.7395020892958111,0.15921706,0.6691032066325612
Amazon_Digital_Music_sample2_train,100k,0.25,0.7,0.7395020892958111,0.15921706,0.6691032066325612
Amazon_Digital_Music_sample3_train,100k,0.25,0.7,0.7395020892958111,0.15921706,0.6691032066325612
Amazon_Grocery_and_Gourmet_Food_sample1_train,100k,0.25,0.7,0.773052272276666,0.1677623,0.7572486849847317
Amazon_Grocery_and_Gourmet_Food_sample2_train,100k,0.25,0.7,0.7727900210571915,0.12716214,0.758468390093153
Amazon_Grocery_and_Gourmet_Food_sample3_train,100k,0.25,0.7,0.7732320708067691,0.11030144,0.7583563007382222
Amazon_Health_and_Personal_Care_sample1_train,100k,0.25,0.7,0.647928120013272,0.12297869,0.5541228186956896
Amazon_Health_and_Personal_Care_sample2_train,100k,0.25,0.7,0.647928120013272,0.12297869,0.5541228186956896
Amazon_Health_and_Personal_Care_sample3_train,100k,0.25,0.7,0.647928120013272,0.12297869,0.5541228186956896
Amazon_Movies_and_TV_sample1_train,100k,0.25,0.7,0.7560640871601055,0.2614539,0.7394037686481929
Amazon_Movies_and_TV_sample2_train,100k,0.25,0.7,0.7562460712903366,0.26654497,0.739795163109955
Amazon_Movies_and_TV_sample3_train,100k,0.25,0.7,0.7553856031673801,0.26708242,0.7391604041371583
BeerAdvocate_sample1_train,100k,0.25,0.7,0.5161901507831778,0.47077212,0.4507393729984586
BeerAdvocate_sample2_train,100k,0.25,0.7,0.5144325366327035,0.501218,0.44410597959957165
BeerAdvocate_sample3_train,100k,0.25,0.7,0.5183948338063488,0.4593778,0.4517801746363254
Behance_sample1_train,100k,0.25,0.7,0.7015989036259219,0.26505476,0.6253222380480676
Behance_sample2_train,100k,0.25,0.7,0.7020352061055176,0.2922284,0.622891295817731
Behance_sample3_train,100k,0.25,0.7,0.701392533739658,0.27478817,0.6238276627162601
DianPing_sample1_train,100k,0.25,0.7,0.5852025296902427,0.2111786,0.572362451353237
DianPing_sample2_train,100k,0.25,0.7,0.5880978238756803,0.22939463,0.5769060681853644
DianPing_sample3_train,100k,0.25,0.7,0.5860603044713104,0.21035923,0.572879007180195
Food_sample1_train,100k,0.25,0.7,0.7521961230559852,0.2069658,0.69959145366219
Food_sample2_train,100k,0.25,0.7,0.7359476370493782,0.200978,0.671990069169249
Food_sample3_train,100k,0.25,0.7,0.7512383216272064,0.17792244,0.7011082864670662
GoodReads_sample1_train,100k,0.25,0.7,0.5494607698130375,2.0638587,0.42349005418471775
GoodReads_sample2_train,100k,0.25,0.7,0.5450238170287292,2.0051708,0.41516012499969124
GoodReads_sample3_train,100k,0.25,0.7,0.541637960282926,2.1823142,0.4047503800258514
KDD2010-algebra2006_2007_sample1_train,100k,0.25,0.7,0.6955671351847975,5.2827153,0.3267731521644201
KDD2010-algebra2006_2007_sample2_train,100k,0.25,0.7,0.6936361541315871,5.745873,0.2952659335913705
KDD2010-algebra2006_2007_sample3_train,100k,0.25,0.7,0.706901940728883,5.2325654,0.3172620218114031
ModCloth_sample1_train,100k,0.25,0.7,0.5636507061007897,0.24473155,0.43298408577139846
ModCloth_sample2_train,100k,0.25,0.7,0.5636507061007897,0.24473155,0.43298408577139846
ModCloth_sample3_train,100k,0.25,0.7,0.5636507061007897,0.24473155,0.43298408577139846
RateBeer_sample1_train,100k,0.25,0.7,0.689506589202534,1.8435163,0.4055214855923314
RateBeer_sample2_train,100k,0.25,0.7,0.6938405537068455,1.6521759,0.40374398758522045
RateBeer_sample3_train,100k,0.25,0.7,0.6829720592569481,2.0264387,0.4134068596500349
RentTheRunway_sample1_train,100k,0.25,0.7,0.752455470725244,0.10783887,0.729681371618645
RentTheRunway_sample2_train,100k,0.25,0.7,0.752455470725244,0.10783887,0.729681371618645
RentTheRunway_sample3_train,100k,0.25,0.7,0.752455470725244,0.10783887,0.729681371618645
Twitch-100k_sample1_train,100k,0.25,0.7,0.6968726524809649,0.4205085,0.6580512195721652
Twitch-100k_sample2_train,100k,0.25,0.7,0.6963805898207939,0.43337575,0.6558311785747287
Twitch-100k_sample3_train,100k,0.25,0.7,0.6961847812563787,0.41089746,0.6569285086903023
anime_sample1_train,100k,0.25,0.7,0.562048792260005,0.58724767,0.4897837586286535
anime_sample2_train,100k,0.25,0.7,0.569391242009714,0.5569213,0.4985262044633356
anime_sample3_train,100k,0.25,0.7,0.566274537801247,0.60872626,0.49141494521189255
book-crossing_sample1_train,100k,0.25,0.7,0.4991869068555799,2.2284303,0.41999760219542664
book-crossing_sample2_train,100k,0.25,0.7,0.4950726827328104,2.1560953,0.4090815186679164
book-crossing_sample3_train,100k,0.25,0.7,0.49334962854030473,2.1890633,0.4265757613099066
douban_sample1_train,100k,0.25,0.7,0.5156134292993038,1.8287573,0.3769168970207572
douban_sample2_train,100k,0.25,0.7,0.5128859105869873,1.8767825,0.3731239446794341
douban_sample3_train,100k,0.25,0.7,0.5151449403920143,1.7961003,0.3756050966952877
epinions_sample1_train,100k,0.25,0.7,0.7019808866904754,0.1122394,0.6831863294382736
epinions_sample2_train,100k,0.25,0.7,0.7019808866904754,0.1122394,0.6831863294382736
epinions_sample3_train,100k,0.25,0.7,0.7019808866904754,0.1122394,0.6831863294382736
jester_sample1_train,100k,0.25,0.7,0.41142111503752415,0.6644135,0.2624609224221037
jester_sample2_train,100k,0.25,0.7,0.40734746562019036,0.66485816,0.2632393575290826
jester_sample3_train,100k,0.25,0.7,0.4133018695586681,0.63268965,0.26427806239554
lastfm_sample1_train,100k,0.25,0.7,0.6433841741946389,1.2920607,0.54729248310024
lastfm_sample2_train,100k,0.25,0.7,0.6433841741946389,1.2920607,0.54729248310024
lastfm_sample3_train,100k,0.25,0.7,0.6433841741946389,1.2920607,0.54729248310024
ml-1m_sample1_train,100k,0.25,0.7,0.5089203100492193,0.79738086,0.44035222743807756
ml-1m_sample2_train,100k,0.25,0.7,0.5108451900356378,0.7489424,0.4426795675276229
ml-1m_sample3_train,100k,0.25,0.7,0.5069116459131008,0.7742402,0.4364900480936291
netflix_sample1_train,100k,0.25,0.7,0.5251069292386998,0.97382164,0.44554333633614984
netflix_sample2_train,100k,0.25,0.7,0.5268279679912206,0.9871684,0.44658599636299295
netflix_sample3_train,100k,0.25,0.7,0.5225172666496042,0.9209412,0.4436808599257868
pinterest_sample1_train,100k,0.25,0.7,0.6968544916403281,0.50774705,0.6702547127574352
pinterest_sample2_train,100k,0.25,0.7,0.6963187997402246,0.5561914,0.6692101177255513
pinterest_sample3_train,100k,0.25,0.7,0.6969792254580168,0.5128487,0.6697182304598538
steam_sample1_train,100k,0.25,0.7,0.7059578358755266,1.9851822,0.5833589625704823
steam_sample2_train,100k,0.25,0.7,0.7059746145840412,2.018369,0.5838134233475063
steam_sample3_train,100k,0.25,0.7,0.7058938153174547,2.0077405,0.5836431108382533
yahoo-music_sample1_train,100k,0.25,0.7,0.2159534944971188,0.33000603,0.17797607872663915
yahoo-music_sample2_train,100k,0.25,0.7,0.21284738596237007,0.32331213,0.17526889430520495
yahoo-music_sample3_train,100k,0.25,0.7,0.21468722217472255,0.29258302,0.17777999322829985
yelp2022_sample1_train,100k,0.25,0.7,0.6843620500303046,0.34413227,0.6640011649799517
yelp2022_sample2_train,100k,0.25,0.7,0.6824001984524554,0.30491126,0.6608408387072728
yelp2022_sample3_train,100k,0.25,0.7,0.6828861683608319,0.26209557,0.6624019624767573
Amazon_Books_sample1_train,100k,0.25,1.0,0.848492954254458,0.24001281,0.841444572227854
Amazon_Books_sample2_train,100k,0.25,1.0,0.8489297323722341,0.28340423,0.8423720696229532
Amazon_Books_sample3_train,100k,0.25,1.0,0.8385687779896935,0.36579418,0.8307674049087658
Amazon_Digital_Music_sample1_train,100k,0.25,1.0,0.785141690352388,0.09403447,0.7678774142219861
Amazon_Digital_Music_sample2_train,100k,0.25,1.0,0.785141690352388,0.09403447,0.7678774142219861
Amazon_Digital_Music_sample3_train,100k,0.25,1.0,0.785141690352388,0.09403447,0.7678774142219861
Amazon_Grocery_and_Gourmet_Food_sample1_train,100k,0.25,1.0,0.854022077229588,0.22326471,0.8468293596266822
Amazon_Grocery_and_Gourmet_Food_sample2_train,100k,0.25,1.0,0.8544035674213831,0.16075848,0.8479674986848034
Amazon_Grocery_and_Gourmet_Food_sample3_train,100k,0.25,1.0,0.8558401068194428,0.089000575,0.8499269836148343
Amazon_Health_and_Personal_Care_sample1_train,100k,0.25,1.0,0.6661229750147432,0.0856489,0.6362493850837856
Amazon_Health_and_Personal_Care_sample2_train,100k,0.25,1.0,0.6661229750147432,0.0856489,0.6362493850837856
Amazon_Health_and_Personal_Care_sample3_train,100k,0.25,1.0,0.6661229750147432,0.0856489,0.6362493850837856
Amazon_Movies_and_TV_sample1_train,100k,0.25,1.0,0.8390860093765191,0.25570652,0.8316296658453362
Amazon_Movies_and_TV_sample2_train,100k,0.25,1.0,0.8380384326841014,0.17718732,0.8317197466343033
Amazon_Movies_and_TV_sample3_train,100k,0.25,1.0,0.836550538313193,0.26974985,0.8295622654360355
BeerAdvocate_sample1_train,100k,0.25,1.0,0.5291652362053277,0.31843975,0.5143242867997215
BeerAdvocate_sample2_train,100k,0.25,1.0,0.5264169598755458,0.3683075,0.508291159290792
BeerAdvocate_sample3_train,100k,0.25,1.0,0.5289609177610868,0.2637727,0.5156414877503113
Behance_sample1_train,100k,0.25,1.0,0.7015989036259219,0.26505476,0.6253222380480676
Behance_sample2_train,100k,0.25,1.0,0.7020352061055176,0.2922284,0.622891295817731
Behance_sample3_train,100k,0.25,1.0,0.701392533739658,0.27478817,0.6238276627162601
DianPing_sample1_train,100k,0.25,1.0,0.6559525088921075,0.27487084,0.6516337296637764
DianPing_sample2_train,100k,0.25,1.0,0.6618238678049252,0.27715006,0.6573605554033751
DianPing_sample3_train,100k,0.25,1.0,0.6581561996740685,0.23696129,0.6531452978952741
Food_sample1_train,100k,0.25,1.0,0.8029873564983515,0.19711106,0.7923603589192507
Food_sample2_train,100k,0.25,1.0,0.7714262351875374,0.20578139,0.7597861940620182
Food_sample3_train,100k,0.25,1.0,0.8028104911922016,0.15807544,0.7947777581986121
GoodReads_sample1_train,100k,0.25,1.0,0.5371035099964042,2.4714122,0.4213063589262929
GoodReads_sample2_train,100k,0.25,1.0,0.532659583514743,2.3939488,0.4156408104993737
GoodReads_sample3_train,100k,0.25,1.0,0.5213808878210197,2.7622187,0.39956615227820613
KDD2010-algebra2006_2007_sample1_train,100k,0.25,1.0,0.6955671351847975,5.2827153,0.3267731521644201
KDD2010-algebra2006_2007_sample2_train,100k,0.25,1.0,0.6936361541315871,5.745873,0.2952659335913705
KDD2010-algebra2006_2007_sample3_train,100k,0.25,1.0,0.706901940728883,5.2325654,0.3172620218114031
ModCloth_sample1_train,100k,0.25,1.0,0.5461000889005154,0.08861297,0.4913347583355688
ModCloth_sample2_train,100k,0.25,1.0,0.5461000889005154,0.08861297,0.4913347583355688
ModCloth_sample3_train,100k,0.25,1.0,0.5461000889005154,0.08861297,0.4913347583355688
RateBeer_sample1_train,100k,0.25,1.0,0.689506589202534,1.8435163,0.4055214855923314
RateBeer_sample2_train,100k,0.25,1.0,0.6938405537068455,1.6521759,0.40374398758522045
RateBeer_sample3_train,100k,0.25,1.0,0.6829720592569481,2.0264387,0.4134068596500349
RentTheRunway_sample1_train,100k,0.25,1.0,0.8360890807924976,0.076192744,0.8326234054928016
RentTheRunway_sample2_train,100k,0.25,1.0,0.8360890807924976,0.076192744,0.8326234054928016
RentTheRunway_sample3_train,100k,0.25,1.0,0.8360890807924976,0.076192744,0.8326234054928016
Twitch-100k_sample1_train,100k,0.25,1.0,0.6968726524809649,0.4205085,0.6580512195721652
Twitch-100k_sample2_train,100k,0.25,1.0,0.6963805898207939,0.43337575,0.6558311785747287
Twitch-100k_sample3_train,100k,0.25,1.0,0.6961847812563787,0.41089746,0.6569285086903023
anime_sample1_train,100k,0.25,1.0,0.5771120709487324,0.50937665,0.5340264623441734
anime_sample2_train,100k,0.25,1.0,0.5859972832346316,0.46763638,0.5440116605170738
anime_sample3_train,100k,0.25,1.0,0.582750705235166,0.49939212,0.5383705498791841
book-crossing_sample1_train,100k,0.25,1.0,0.4739415149841378,2.9757538,0.40203634311507214
book-crossing_sample2_train,100k,0.25,1.0,0.4699202843404829,2.9167795,0.39151742413341606
book-crossing_sample3_train,100k,0.25,1.0,0.4681806202276198,2.9648666,0.40532074457402123
douban_sample1_train,100k,0.25,1.0,0.47678615204376423,1.5500703,0.41516536891600336
douban_sample2_train,100k,0.25,1.0,0.4781167294045527,1.5630239,0.4139621178437407
douban_sample3_train,100k,0.25,1.0,0.4784875391318742,1.575985,0.414429360332042
epinions_sample1_train,100k,0.25,1.0,0.7770787471267125,0.097344905,0.7688041562434376
epinions_sample2_train,100k,0.25,1.0,0.7770787471267125,0.097344905,0.7688041562434376
epinions_sample3_train,100k,0.25,1.0,0.7770787471267125,0.097344905,0.7688041562434376
jester_sample1_train,100k,0.25,1.0,0.39538761982129006,0.4893068,0.29500699404551595
jester_sample2_train,100k,0.25,1.0,0.3923668720265779,0.48986354,0.29758706093791537
jester_sample3_train,100k,0.25,1.0,0.39606423837685006,0.45770085,0.29772982058122127
lastfm_sample1_train,100k,0.25,1.0,0.6433841741946389,1.2920607,0.54729248310024
lastfm_sample2_train,100k,0.25,1.0,0.6433841741946389,1.2920607,0.54729248310024
lastfm_sample3_train,100k,0.25,1.0,0.6433841741946389,1.2920607,0.54729248310024
ml-1m_sample1_train,100k,0.25,1.0,0.5341549760453872,0.66506106,0.49444786844040783
ml-1m_sample2_train,100k,0.25,1.0,0.5343437388190128,0.5646628,0.4980890277889632
ml-1m_sample3_train,100k,0.25,1.0,0.5301484233654316,0.6342038,0.4893381250219561
netflix_sample1_train,100k,0.25,1.0,0.5472050589563261,0.8349475,0.5036019987362418
netflix_sample2_train,100k,0.25,1.0,0.5511175534774906,0.859173,0.5052354952161426
netflix_sample3_train,100k,0.25,1.0,0.5466723161076054,0.7962818,0.5009218268357057
pinterest_sample1_train,100k,0.25,1.0,0.6968544916403281,0.50774705,0.6702547127574352
pinterest_sample2_train,100k,0.25,1.0,0.6963187997402246,0.5561914,0.6692101177255513
pinterest_sample3_train,100k,0.25,1.0,0.6969792254580168,0.5128487,0.6697182304598538
steam_sample1_train,100k,0.25,1.0,0.7059578358755266,1.9851822,0.5833589625704823
steam_sample2_train,100k,0.25,1.0,0.7059746145840412,2.018369,0.5838134233475063
steam_sample3_train,100k,0.25,1.0,0.7058938153174547,2.0077405,0.5836431108382533
yahoo-music_sample1_train,100k,0.25,1.0,0.2237282352939494,0.41070285,0.19022800044402854
yahoo-music_sample2_train,100k,0.25,1.0,0.21973886259238493,0.4227511,0.18704979208301817
yahoo-music_sample3_train,100k,0.25,1.0,0.22157462476385584,0.36258635,0.1911294380859567
yelp2022_sample1_train,100k,0.25,1.0,0.7544823197529151,0.4394528,0.7436438149182356
yelp2022_sample2_train,100k,0.25,1.0,0.7512134636301959,0.40266076,0.7396690660144745
yelp2022_sample3_train,100k,0.25,1.0,0.7524752534360721,0.41439286,0.7417321010101272
